출처,제목,텍스트
블로그,실패없는 직장인선물 드디어 출시! 오쏘몰 이뮨 ODP 구강 용해로 사....,실패없는 직장인선물 드디어 출시! 오쏘몰 이뮨 ODP 구강 용해로 사.... 드디어 출시!_오쏘몰 이뮨 ODP_직장인선물.mp4 솔직히 말하면 20대까지도 새벽 5시 일어나 오전 근무에 투잡 쓰리잡 뛰면서 주말 반납해도 도저히 못하겠다는 아니었거든요? 악으로 깡으로 버텨온 지난 20대...... 
블로그,오쏘몰 이뮨 생일선물 40대 되니까 이렇게 바뀌더라고요,"오쏘몰 이뮨 생일선물 40대 되니까 이렇게 바뀌더라고요 20대엔 가방, 30대엔 화장품, 40대엔 영양제. 친구가 생일선물로 오쏘몰 이뮨을 보내줬을 때 처음엔 솔직히 좀 웃겼어요. 근데 박스 열고... 스펙 정리하면 이렇습니다: 구성: 액상 20mL + 정제 2정 (노란색 + 흰색)... "
블로그,오쏘몰 바이탈 에프(f) 여자 멀티 비타민 커플 부모님 선물 추천,오쏘몰 바이탈 에프(f) 여자 멀티 비타민 커플 부모님 선물 추천 20대랑 30대랑 다르다더니.. 앞자리 바뀐 지 몇 년 되지도 않아 벌써 피곤함이 급격히 체감되기... 제가 선물 받은 건 오쏘몰 바이탈 f (여성 전용) 오쏘몰에도 이뮨과 바이탈 m / f가 있는데 오쏘몰 이뮨은 누구든... 
블로그,"오쏘몰 이뮨 바이탈F 후기, 카카오톡 선물하기 추천!","오쏘몰 이뮨 바이탈F 후기, 카카오톡 선물하기 추천! 바로 오쏘몰 이뮨 바이탈F 인데요! 카카오톡 선물하기 추천에 있어 접하기도 쉽고, 다양한 종류로 내... 패키지로 20대부터 50대, 60대까지도 선물하기 좋을 것 같습니다~ 약이라서 그런지 아주 쓴맛이 깊게... "
블로그,오쏘몰 이뮨 멀티비타민 vs 종근당 이뮨 듀오 멀티비타맥스 vs 위블....,오쏘몰 이뮨 멀티비타민 vs 종근당 이뮨 듀오 멀티비타맥스 vs 위블.... 20대에는 건강을 크게 걱정하지는 않았어요 나이트 근무를 해도... 이번에 카카오톡 선물하기로 오쏘몰을 받았는데 포장이 정말... made in Germany 1병 액상 20ml + 정제 2알(노란색 447mg + 흰색 472mg) 윗면은... 
블로그,"리즈랩 바이알 이뮨 솔직후기 오쏘몰 영양성분 차이 비교, 영양제 ....","리즈랩 바이알 이뮨 솔직후기 오쏘몰 영양성분 차이 비교, 영양제 .... 이제 와서 생일선물인 영양제를 뜯어먹는 저..입니다.. 밀린 영양제가 많아서 방치되어 있었어요ㅎ 요즘엔 20대들이 오히려 더... 비타민계의 에르메스라고 지겹도록 말하는 오쏘몰 이뮨 들어보셨나요?... "
블로그,오쏘몰 이뮨 멀티비타민 선물추천,오쏘몰 이뮨 멀티비타민 선물추천 &quot; 명품 비타민 추천 오쏘몰 이뮨 멀티비타민 &quot; 요즘 몸이 심심하면 아파서 친구들이 자꾸 영양제 선물해줘요 20대 때에는 직장 선배들이... ㅋㅋㅋㅋ 오쏘몰 비타민 섭취방법 1일 1회 1병 액상 20ml + 정제 2정... 
블로그,명절 부모님선물은 영양제 끝판왕 비타민계의 에르메스 오쏘몰 이....,명절 부모님선물은 영양제 끝판왕 비타민계의 에르메스 오쏘몰 이.... 작년에 영양제 매니아인 친구가 한번 먹어보라고 선물해줘서 처음접했던 '오쏘몰 이뮨'을 이번에 생일선물로 받게되어 소개해 드리려고 해요. 저는 아직 영양제따위 사치인 팔팔한 20대인데도 작년에 한달... 
블로그,"20대여자 생일선물 추천 (feat. 직접 받은 선물리뷰): 타이벡감귤, 오....","20대여자 생일선물 추천 (feat. 직접 받은 선물리뷰): 타이벡감귤, 오.... 보시면 20대 여자 생일선물 추천에 도움이 될 것 같습니다 ㅎㅎ 그럼 바로 렛츠 고 효돈농협 당도선별... 동아제약 오쏘몰 이뮨 멀티비타민&amp; 미네랄 카카오 선물하기 이건 제가 선물하기 찜을 해두었던 상품인데... "
블로그,"비타민계의 에르메스, 오쏘몰 이뮨 유명한 이유가 있네 (생일선물, ....","비타민계의 에르메스, 오쏘몰 이뮨 유명한 이유가 있네 (생일선물, .... 영양제에 크게 관심 없던 20대에도 오쏘몰, 이뮨, 비타민계의... 사악한 가격 때문에 엄두를 내지 못하다가 고마운 친구가 생일 선물로... 네이버 최저가로 검색해봤을 때, 오쏘몰 이뮨 20ml+919mg 2주분이 약 5만원... "
블로그,오쏘몰 이뮨 멀티비타민 20대 영양제 후기,오쏘몰 이뮨 멀티비타민 20대 영양제 후기 ㅎ 저는 특히 한 달 정도 먹고 나서 면역이 좋아진 게 느껴져 후기로 남겨요 +_+ 여기까지 지인한테 선물 받은 오쏘몰 이뮨 영양제 후기 끝 광고 xxxxxxxx #20대영양제추천 #20대영양제 #영양제추천 #영양제... 
블로그,20대 친구 생일선물로 좋은 오쏘몰 이뮨 비타민,"20대 친구 생일선물로 좋은 오쏘몰 이뮨 비타민 동생이 얼마 전에 선물로 받아온 오쏘몰 이뮨 비타민계의 에르메스라고 익히 들어 알고 있었는데, 갑자기 우리 집에서 볼 줄이야?! 선물로 받은 동생이 20대기에 20대 생일선물로 작성해 보았다만 나 같은 30대가... "
블로그,오쏘몰 이뮨 멀티비타민/20대 친구 선물/비타민 추천/오쏘몰 후기/30....,오쏘몰 이뮨 멀티비타민/20대 친구 선물/비타민 추천/오쏘몰 후기/30.... 안녕 키티들 돌아온 캣맘 0202 바로 때릴게~ 반오십이 코앞으로 와 캣맘은 비타민을 구매했다. 가격은 7일분에 34000원 쉬찔끔했다 하지만 지금 올리브영에서 세일을 해서 2만원대에 구입했다 ㅎㅎ 그랬다. 역시... 
블로그,20대 생일 선물로 좋은 바이레도 라튤립 / 오쏘몰 이뮨 종합 비타민,20대 생일 선물로 좋은 바이레도 라튤립 / 오쏘몰 이뮨 종합 비타민 그 중에 평소에 갖고싶었던 바이레도 라튤립 향수랑 오쏘몰 이뮨 종합 비타민을 선물 받았다. 일명 시마을이라고 불리는 si village에서 저렴하게 구입했다. 첫구매면 쿠폰이 많이 나와서 저 가격보다 훨... 
블로그,"오쏘몰 바이탈F, 부모님 추석선물 독일 비타민으로 건강챙기기 !!","오쏘몰 바이탈F, 부모님 추석선물 독일 비타민으로 건강챙기기 !! 저는 20대 후반의 젊은 나이임에도 불구하고 몸에 종양이 있다는 사실을 알게 되었어요 ..ㅠㅠ 10월달에... 추석선물로도 좋을 것 같아요 ! 오쏘몰 바이탈F는 적어도 2~3개월 정도 꾸준히 복용해야 그 효과가... "
카페글,20대 남자 선물로 영양제도 많이 하나요??,20대 남자 선물로 영양제도 많이 하나요?? 아임비타나 오쏘몰같은 영양제도 요즘 인기 많아보이는데 20대 남자 선물로 영양제도 괜찮겠죠?? 후배가 제 생일에 커피머신을 사줘서 저도 10만원 선에서 해주려고하는데 영양제 말고 다른 20대 남자 선물로 좋은거 있으면... 
블로그,"오쏘몰 이뮨 멀티비타민 30일분 수험생 직장인 활력 선물 추천, 잦은....","오쏘몰 이뮨 멀티비타민 30일분 수험생 직장인 활력 선물 추천, 잦은.... 처음에는 젊으니까 버틸 만하다고 생각했는데 30대 중반을... 마침 지난주가 친한 동료의 생일이라 이거 한 상자를 선물로 슥 건넸는데... #오쏘몰이뮨 #오쏘몰비타민 #오쏘몰이뮨30일분 #이뮨샷 #직장인영양제... "
블로그,카카오톡선물 추천 30대선물 직장인 오쏘몰 이뮨 비타민 동아제약,카카오톡선물 추천 30대선물 직장인 오쏘몰 이뮨 비타민 동아제약 여성과 남성에게 각각 맞춰 더 필요한 성분이 들어있어 이건 몰랐지만 이제부터는 구분해서 주문할 것 같아요!! 30대 생일선물 카카오톡선물 30대비타민 영양제로 추천드리는 오쏘몰 이뮨 비타민 이었습니다:)
블로그,"&quot;풋살 대회 필수템&quot; 오쏘몰 이뮨 비타민 당일 효과 체감 복용법, 30대....","&quot;풋살 대회 필수템&quot; 오쏘몰 이뮨 비타민 당일 효과 체감 복용법, 30대.... 하지만 30일 분량을 구매하고 전 위 상황에서만 섭취하며 한 달... 30대부터 부모님, 조부모님 선물 3. 빠른 효과 체감을 원하는 분들 오쏘몰 이뮨 솔직 후기 이야기를 마치며... 바쁘게 돌아가는 일상 속에서... "
블로그,30대 선물추천 ‘오쏘몰 이뮨 멀티비타민&amp;미네랄’ 후기,30대 선물추천 ‘오쏘몰 이뮨 멀티비타민&amp;미네랄’ 후기 30대 선물추천 ‘오쏘몰 이뮨 멀티비타민&amp;미네랄’ 후기 안녕하세요 블로거 행운또입니다. 오늘은 30대 선물추천 ‘오쏘몰 이뮨 멀티비타민&amp;미네랄’ 후기로 돌아왔습니다. 얼마전 선물로 받았는데 저 또한... 
블로그,30대 카톡 선물 추천 드디어 출시! 구강 용해 멀티미타민 오쏘몰 이....,30대 카톡 선물 추천 드디어 출시! 구강 용해 멀티미타민 오쏘몰 이.... #오쏘몰 #광고 #멀티비타민 #구강용해멀티비타민 #오쏘몰이뮨ODP #건강기능식품추천 #30대선물추천 #카카오톡선물추천 #가정의달선물 #멀티비타민 #컨디션관리루틴 #직장인선물추천 #부모님선물추천 구강용해... 
블로그,오쏘몰 이뮨 비타민 선물 후기 30대 40대 50대 선물 추천 나만 비싸게 ....,오쏘몰 이뮨 비타민 선물 후기 30대 40대 50대 선물 추천 나만 비싸게 .... 특히 오쏘몰 이뮨 비타민은 30대 40대 50대 선물 추천으로 자주 보이길래 직접 선택해보았어요. 나는 예전에 지인 선물로 오쏘몰 이뮨 비타민을 준비했는데 그때는 아무 정보 없이 그냥 구매했다. 워낙... 
블로그,[카카오톡 선물] 30대 여성 추천 영양제 오쏘몰,"[카카오톡 선물] 30대 여성 추천 영양제 오쏘몰 그런데 친구가 생일이라고 오쏘몰 영양제를 선물해줬어요! 7개 구성에 1개가 추가로 제공되네요. 비타민류 ① 비타민 A 면역 기능 유지 피부·점막 건강 ② 비타민 B군 (B1, B2, B6, B12, 니아신, 판토텐산, 엽산... "
블로그,30대 카카오생일선물로 비타민 오쏘몰 이뮨 받은 후기 : ),"30대 카카오생일선물로 비타민 오쏘몰 이뮨 받은 후기 : ) 싶던 타이밍에 오쏘몰 이뮨 비타민을 선물로 받게 되었어요. 카카오선물  사실 비타민은 내가 챙겨 사기는 귀찮고, 그렇다고 안 먹자니 찜찜한 존재잖아요. 그래서 이렇게 선물로 받으니 더 반갑더라고요. 특히... "
블로그,[설날 선물 추천 / 30대 여자 생일선물] 오쏘몰 이뮨 30일 비타민 단독....,[설날 선물 추천 / 30대 여자 생일선물] 오쏘몰 이뮨 30일 비타민 단독.... 아니 친구돈친구산 후기... ㅋ 오쏘몰 이뮨 30일 구매 링크(클릭) #설날선물 #30대여자생일선물 #30대여자선물 #오쏘몰 #오쏘몰이뮨 #오쏘몰이뮨30일 #오쏘몰이뮨비타민
블로그,"오쏘몰 이뮨 1+1 행사, 30대 직장인 배미가 설날 얼리버드로 쟁여둔 ....","오쏘몰 이뮨 1+1 행사, 30대 직장인 배미가 설날 얼리버드로 쟁여둔 .... 직장인, 센스 있는 3만 원대 선물을 찾는 분 * 비추천: 아주 가벼운 물 제형의 비타민을 선호하시는 분, 신맛에 아주 예민하신 분 #오쏘몰이뮨 #30대직장인영양제 #멀티비타민추천 #설날선물추천 #배미의솔직후기"
블로그,[멀티비타민] 30대 생일선물로 좋은 오쏘몰 이뮨 멀티비타민&amp;미네랄,[멀티비타민] 30대 생일선물로 좋은 오쏘몰 이뮨 멀티비타민&amp;미네랄 이렇게 간편해야 사람들이 먹는것같아요....☺️ 30대 생일선물로 좋은 오쏘몰 이뮨 멀티비타민! 건강과 축하하는 마음 모두 담아 선물하기 좋아요 뭐니뭐니해도 건강이 최고... 같이 배송온 모닝케어 간솔루션... 
블로그,"카카오톡 선물 리뷰 조말론런던 코롱, 오쏘몰,센트룸 30대 선물 추천","카카오톡 선물 리뷰 조말론런던 코롱, 오쏘몰,센트룸 30대 선물 추천 카카오톡 선물은 오쏘몰 이뮨 멀티비타민&amp;미네랄 7입 입니다. 명품 비타민으로 유명한 브랜드인걸로... 않지만 30대 지인한테 선물하기 좋은 비타민 선물 같습니다 :) 세번째 카카오톡 선물은 센트룸에 Best... "
블로그,30대 여자 선물 멀티비타민 해외여행준비물 오쏘몰 바이탈 f 챙겨요,30대 여자 선물 멀티비타민 해외여행준비물 오쏘몰 바이탈 f 챙겨요 포뮬러로 30대 여자 선물로도 좋아요 평소 이뮨 멀티비타민을 찾던 분들이라면 구성과 성분을 비교해 보는 것도 좋을 것 같습니다! 오쏘몰 바이탈 F는 한 박스에 30일 분량으로 구성되어 있어서 꾸준히 챙겨... 
블로그,오쏘몰 이뮨 멀티비타민&amp;미네랄 7입 로네펠트 에디션 : 생일선물 추....,오쏘몰 이뮨 멀티비타민&amp;미네랄 7입 로네펠트 에디션 : 생일선물 추.... 선물받은 비타민 건강음료 30대가 되고 .. 건강외식품은 참 좋은 선물이댜 워낙 유명한 오쏘몰 이뮨 멀티비타민 &amp; 미네랄은 패키지가 너무 고급져서 깜놀ㅎ 예쁜 고급블루 우선 멀티비타민 부분 23년... 
블로그,카카오톡 선물하기 &quot;오쏘몰 바이탈 멀티 비타민&quot; 선물 후기,카카오톡 선물하기 &quot;오쏘몰 바이탈 멀티 비타민&quot; 선물 후기 아니 오늘의 자랑은 바로 비타민계의 명품으로 불리는 &quot; 오쏘몰 바이탈 비타민&quot;입니다!! 요즘 정말 면역력이 바닥을 치고 있는 진정한 30대가 된 soso... 이유 없이 아파서 골골 거리니깐 친구가 비타민이라도 챙겨... 
블로그,생일선물 오쏘몰 이뮨 멀티비타민&amp;미네랄 7입 로네펠트 에디션 티백....,"생일선물 오쏘몰 이뮨 멀티비타민&amp;미네랄 7입 로네펠트 에디션 티백.... 곱다 고와. 알약마저 고운 오쏘몰 이뮨. 30대 40대 생일선물 강추! 받았을때 너무 기분 좋은 선물! 그리고 건강까지 챙길 수 있어서 너무 좋다. 고마워 칭구얌, 잘 챙겨먹고 건강해질게! #생일선물추천 #오쏘몰이뮨"
블로그,30대 여자 생일선물 받은 오쏘몰 바이탈 에프&amp;오쏘몰 바이탈 엠,30대 여자 생일선물 받은 오쏘몰 바이탈 에프&amp;오쏘몰 바이탈 엠 ㅎ 정제 크기가 작은 편은 아닌데 목구멍 걸림이 있거나 하진 않아서 편하게 먹었다 빈속에 먹기보다 뭐라도 먹고 먹는게 좋은것 같다 30대 여자 생일선물로 받은 소중한 오쏘몰 바이탈 에프 멀티비타민 한병... 
블로그,20-30대 남자 발렌타인데이 선물 추천 [오쏘몰 바이탈 M],"20-30대 남자 발렌타인데이 선물 추천 [오쏘몰 바이탈 M] orthomol vital m 20-30대 남자 선물 추천 열면 6*5로 30개가 들어있어요. 하나를 꺼내보았어요. 오쏘몰 이뮨과는 다르게, 알약이 둘다 노란색이에요. 제 머리카락이 같이 찍혀서 모자이크했어요,,ㅎ 잘 보이실지... "
블로그,30대 여자 종합비타민 추천! 오쏘몰 이뮨 멀티비타민&amp;미네랄,"30대 여자 종합비타민 추천! 오쏘몰 이뮨 멀티비타민&amp;미네랄 30대 여자 종합비타민 추천! 오쏘몰 이뮨 멀티비타민&amp;미네랄 글, 사진 @란쁘 안녕하세요 친구의 늦은... 제가 선물 받은 오쏘몰 이뮨 7일분 멀티비타민 &amp; 미네랄 제품 소개해 드릴게요! 국내 최초 이중 제형 비타민... "
블로그,30대 생일선물추천 올리브영 비타민  아임비타 이뮨샷 오쏘몰 비교 ....,"30대 생일선물추천 올리브영 비타민  아임비타 이뮨샷 오쏘몰 비교 .... 가격비교 네이버 공홈기준으로 가격 비교 [2024년 11월 기준 네이버 공홈 쇼핑몰 기준입니다.] 종근당 아임비타(30개입) -----75,000원 동아제약 오쏘몰(30개입) ----116,000원 - [개당 계산시] 아임비타는 1개당 ----- 2... "
블로그,명절선물로 추천하는 오쏘몰 바이탈 m 추석 기프트 세트,명절선물로 추천하는 오쏘몰 바이탈 m 추석 기프트 세트 ORTHOMOL 오쏘몰 바이탈 m 30일분 안녕하세요. 블로거해인이에요 :) 30대가 되니 운동해도 피곤하고 뭘... 바로 오쏘몰 바이탈 인데요! 저도 처음에는 선물세트를 받은 이 후부터 계속해서 챙겨먹고 있는... 
블로그,오쏘몰 바이탈f 추석선물로도 좋은 멀티비타민 추천,"오쏘몰 바이탈f 추석선물로도 좋은 멀티비타민 추천 ㅋㅋ 저 뿐만 아니라 30대 40대 여성분들이나 며느리로 지내는 모든... 판매하는데, 30일분 외에도 60일분 선물세트도 있고 남녀 구분없이 섭취 가능한 오쏘몰 이뮨 제품부터 바이탈f/m 등 정말 다양한 제품이... "
블로그,"오쏘몰 이뮨 내돈내산 후기, 성분 - 30대 40대 생일선물, 추석선물 (3....","오쏘몰 이뮨 내돈내산 후기, 성분 - 30대 40대 생일선물, 추석선물 (3.... 30대 40대 생일선물, 추석선물로 좋은 멀티 비타민 오쏘몰 이뮨 비타민 성분 ,내돈내산 후기 3만원대부터... (제가 받았을 때도 좋구요.) 카카오톡 선물하기 기준 7+1입 38,000원, 30입 109,000원 오쏘몰은 카카오톡에... "
블로그,오쏘몰 이뮨 멀티비타민 미네랄 : 카카오선물 &amp; 금액 사악?,오쏘몰 이뮨 멀티비타민 미네랄 : 카카오선물 &amp; 금액 사악? 오쏘몰 이뮨 멀티비타민 미네랄 : 카카오선물 &amp; 금액 사악? 20-30대 생일과 달리 40대가 되니 생일선물로 많이 받는 것 중 하나가 건강에 관련된 비타민 종류다. 40대부터는 챙겨야 하는 나이라는 건가? 허헛. 7월... 
블로그,카카오선물하기 특별한 선물 오쏘몰 바이탈 f 여성건강 챙기기,카카오선물하기 특별한 선물 오쏘몰 바이탈 f 여성건강 챙기기 30대 중반이 넘어서니 이제 조금만 관리를 안 한다 싶으면 바로 몸으로 신호가 오는데요 요즘 날이... 패키지인 오쏘몰 스페셜 선물 박스로 소중한 분들에게 기분 좋은 선물의 순간을 선사할 수 있는데요... 
블로그,카카오톡 선물 추천 비타민 오쏘몰 바이탈 에프 엠 여름한정,카카오톡 선물 추천 비타민 오쏘몰 바이탈 에프 엠 여름한정 카카오톡 선물 추천 비타민 오쏘몰 바이탈 에프 엠 여름한정 30대가 되니 생일선물로 비타민을 많이 받는데 그 중에서도 비타민계의 에르메스로 핫한 오쏘몰 이뮨을 가장 많이 추천받고 접했어요 여름을 맞아... 
블로그,3만원대 카카오톡 선물하기 추천 오쏘몰 바이탈에프 후기,3만원대 카카오톡 선물하기 추천 오쏘몰 바이탈에프 후기 그리고 30대가 되니 체력회복이 빠르게 안되서 고생하고 있는 요즘이랍니다 평상시에 영양제를 잘... 카카오톡 선물하기로 오쏘몰 산토리니 썸머에디션 구성으로 만나볼수 있어서 센스있는 선물로 마음... 
블로그,시험기간 학생영양제 오쏘몰 이뮨 멀티비타민 미네랄/하루 한통으....,시험기간 학생영양제 오쏘몰 이뮨 멀티비타민 미네랄/하루 한통으.... #카카오톡선물하기 로 받은 #오쏘몰이뮨멀티비타민 30대가 되면서 급격히 차이나는 나의 체력을 느끼고서 먼저 30대를 맞이한 현쌤이 선물 해 주셨다.ㅋㅋㅋㅋ 박스포장은 깔끔하고 튼튼하게 배송받았다. 살짝... 
블로그,"30대 여자 생일선물 추천, 생일축하 기록 (샤넬 루쥬 코코밤 마이로....","30대 여자 생일선물 추천, 생일축하 기록 (샤넬 루쥬 코코밤 마이로.... 몸이 가뿐해서 아침부터 기분 좋았다는 이야기~ 여러 사람들이 생일 축해해주어서 너무 감사했던 하루! #30대여자생일선물 #30대생일선물 #샤넬루쥬코코밤 #마이로즈 #그랑핸드 #트와베르 #독일비타민 #오쏘몰이뮨"
블로그,카카오선물하기 오쏘몰 이뮨 멀티비타민&amp;미네랄,"카카오선물하기 오쏘몰 이뮨 멀티비타민&amp;미네랄 카카오선물하기 오쏘몰 이뮨 멀티비타민&amp;미네랄 30대 후반을 향해 미친듯이 달려가는 둥이맘, 요즘 흰머리도 부쩍 많아지고 얼마전 건강검진 결과도 썩 좋지않고 ㅋㅋㅋㅋㅋㅋㅋㅋㅋㅋ 그래서 수영을... "
블로그,"카카오톡 선물하기 추천, 오쏘몰 이뮨 멀티비타민 후기","카카오톡 선물하기 추천, 오쏘몰 이뮨 멀티비타민 후기 이뮨 30대가 되니 선물로 비타민이 들어온다 ㅠㅠㅠ 상당히 마음에 들었던 택배 오픈 방식 환경을 생각한 종이 완충재로 감싸진 오쏘몰 이뮨 멀티비타민&amp;미네랄 예전에 옵티마 이뮨꺼를 먹어봤었는데 비타민계... "
블로그,"생일선물들!(또 향수...정장자켓, 머그컵, 오쏘몰, 침구청소기, 망고,....","생일선물들!(또 향수...정장자켓, 머그컵, 오쏘몰, 침구청소기, 망고,.... #30대 #여자 #정장 #자켓 #보티첼리 #현대백화점 #무역센터 #락앤락... 오쏘몰 이뮨 멀티비타민&amp;미네랄 이거 엄청 비싼건데 ㅠㅠ 30개입이면...어휴 (나도 선물해봐서 안다...) 건강하게 지내겠습니다. 으어...또... "
블로그,"종근당 이뮨 듀오 멀티비타맥스, 오쏘몰 비교, 만성피로 30대 영양제....","종근당 이뮨 듀오 멀티비타맥스, 오쏘몰 비교, 만성피로 30대 영양제.... 밥도 잘 못 먹고 정말 아팠다 ㅜㅜ 말 못 하는 나를 위한, 영양제 선물 감사합니다 ㅎㅎㅎ 덕분에 입병 다 나았어여 ~~ 박스 보고 오쏘몰인... 영양제추천 #30대영양제 #40대영양제 #노인영양제 #아이영양제... "
블로그,[30대 생일 선물] 오쏘몰 이뮨 멀티비타민  _ 실패확률제로 !,[30대 생일 선물] 오쏘몰 이뮨 멀티비타민  _ 실패확률제로 ! 무엇이냐 오쏘몰 이뮨 멀티비타민&amp;미네랄 이에요 근데 진짜 비싸거든요.. 한달 30일분 12만원 -0- 이것을 선물해준 찐친 고마워... 나이 30대 ㅇ//ㅇ 정상적인 면역기능을 위한 영양의 균형 음.. 내가... 
블로그,오쏘몰 바이탈 엠 화이트데이 건강 선물,오쏘몰 바이탈 엠 화이트데이 건강 선물 30대가 되면서 건강에 더 신경을 많이 쓰게 되었어요. 이미 유명한 #오쏘몰 이지만 이번에 나온 #오쏘몰바이탈에프 #오쏘몰바이탈엠 은 남여 비타민으로 나누어져 누구에게나 선물하기 좋아졌어요.... 
블로그,30대 비타민 추천ㅣ 옵티마 이뮨 멀티 비타민 &amp; 미네랄 (feat. 오쏘몰),30대 비타민 추천ㅣ 옵티마 이뮨 멀티 비타민 &amp; 미네랄 (feat. 오쏘몰) 30대의 비타민은 선택이 아닌 필수랍니다. 선물받아 옵티마 비타민을 먹어보았어요. 전 사실 선물 받아... 그래서 가격대는 모르겠어요 ㅠㅠ 지금은 글루콤을 먹지만 이전에 오쏘몰을 장복했어요. 오쏘몰은 맛이... 
블로그,오쏘몰 이뮨 30대 40대 여성 비타민 영양제 선물,"오쏘몰 이뮨 30대 40대 여성 비타민 영양제 선물 오쏘몰 이뮨 비타민 영양제 30대 40대 선물 7일분 38,000원 30일분 129,000원 오쏘몰 홈페이지 24. 03. 01 기준 오쏘몰 홈페이지를 보니까 Dmall 이라고 해서요 템포, 미니막스, 가그린, 셀파렉스, 더스논, 조르단, 검가드... "
블로그,"30대 선물 추천, 옵티마 이뮨 비타민 권장섭취량 복용법 면역력 비타....","30대 선물 추천, 옵티마 이뮨 비타민 권장섭취량 복용법 면역력 비타.... 친구들 선물로도 좋을 것 같다. 30대 40대 선물로 강력히 추천드림! 유명한 오쏘몰 제품이랑 비교해봐도 거의 성분 크게 차이 안 남! 오쏘몰 30개입 쿠팡 링크랑 &amp; 위블리즈 옵티마 10개입 링크 참고해보세요... "
블로그,성인종합영양제 30대 선물추천 섭취시간과 먹는방법 오쏘몰이뮨멀....,성인종합영양제 30대 선물추천 섭취시간과 먹는방법 오쏘몰이뮨멀.... &quot; 오쏘몰이뮨멀티비타민 30대 선물추천 &quot; 성인종합영양제 섭취시간과 먹는방법 안녕하세요. 주쿵블로그입니다. 오늘은 바쁜 일상 속에서 건강을 유지하고 피로를 회복하는 데 도움이 되는 &quot; 성인종합영양제... 
블로그,[선물/건강] 독일명품비타민 오쏘몰 이뮨 멀티비타민&amp;미네랄 후기,[선물/건강] 독일명품비타민 오쏘몰 이뮨 멀티비타민&amp;미네랄 후기 #30대선물 #카카오톡선물하기 오쏘몰 이뮨 멀티비타민&amp;미네랄 해피뉴이어! 하고도 한달이 다 가고있어.... 영양성분 30개입 세트구욧 이렇게 상단 캡의 알약 두개와 액상형 비타민이 아래에 들어있음 알약... 
블로그,영양제추천/필수영양제/독일영양제 오쏘몰 이뮨 멀티비타민&amp;미네랄....,영양제추천/필수영양제/독일영양제 오쏘몰 이뮨 멀티비타민&amp;미네랄.... #오쏘몰이뮨 #멀티비타민추천 #여행용비타민 #필수영양제 #피로회복제 #올영블프데이 #올리브영꿀템 #카카오선물하기 #건강보조식품 #30대선물추천 #서이추 오쏘몰 이뮨 멀티비타민&amp;미네랄 구매후기... 
블로그,30대 카카오톡 선물하기 멀티 비타민 &amp; 미네랄 추천 &lt;오쏘몰 이뮨&gt;,30대 카카오톡 선물하기 멀티 비타민 &amp; 미네랄 추천 &lt;오쏘몰 이뮨&gt; 영양제 오쏘몰 이뮨 리뷰를 해보려고 해요. 멀티비타민계의... ㅋㅋㅋㅋㅋㅋㅋㅋㅋ 30대 선물로 어떨까? feat. 추석선물 제품 성분에... 주말 동안 계속 이렇게 살 수는 없다는 생각에 오후 12시 30분에 영양제를... 
블로그,오쏘몰 이뮨 멀티비타민 미네랄 30대여자 생일선물,오쏘몰 이뮨 멀티비타민 미네랄 30대여자 생일선물 이걸 먹고 술마시면 숙취가 거의 없어서 신기해요. #오쏘몰이뮨멀티비타민미네랄 #오쏘몰바이탈M #오쏘몰남성비타민미네랄 #고함량비타민미네랄 #30대엄마생일선물
블로그,"[카카오톡 선물하기] 오쏘몰_이뮨멀티비타민, 종근당_이뮨듀오멀티....","[카카오톡 선물하기] 오쏘몰_이뮨멀티비타민, 종근당_이뮨듀오멀티.... 요새는 카카오톡 선물하기로 워낙 선물을 많이 주고받기 때문에 이번에도 카카오선물하기로 생일... com/product/6375902 &quot; &quot; 오쏘몰 이뮨 멀티비타민 30일분 129,000원 https://gift.kakao.com/product/2484405 &amp; 가격이... "
블로그,30대 종합 영양제 추천 오쏘몰 이뮨 멀티비타민&amp;미네랄,30대 종합 영양제 추천 오쏘몰 이뮨 멀티비타민&amp;미네랄 안녕하세용 은이에요 :) 오늘은 사촌언니한테 선물받은 종합비타민 소개 하려고 합니당 30대가 되니... 하게 달라진 건 없지만 값이 조금 저렴하면 사고싶네요 ㅎ ㅎ 휴대도 간편해서 좋아용 오쏘몰 리뷰였슴미당
블로그,비타민 추천 오쏘몰 이뮨 멀티비타민 카카오선물하기 3만원대 생일....,비타민 추천 오쏘몰 이뮨 멀티비타민 카카오선물하기 3만원대 생일.... 생일선물 택배를 아직도 받고 있는 슈아(choix)입니다!! 오늘은 올리브영에서도 쉽게 구할 수 있고 건강을 챙겨야하는 우리 모두를 위한 #비타민 #영양제 #추천 을 하려고 합니다~!! 바로 #오쏘몰 #이뮨... 
블로그,3만원대 카카오톡 선물하기 추천 / 30대 중반 여자 비타민 / 오쏘몰 ....,"3만원대 카카오톡 선물하기 추천 / 30대 중반 여자 비타민 / 오쏘몰 .... (먹으면 확실히 힘이 난다면서요ㅠㅠㅠ) 드라마틱한 효과는 모르겠지만 고가의 제품이라는 걸 알아서인지 선물 받으면 좋은 오쏘몰 이뮨 멀티비타민이에요. 30대 중후반 선물 고민 중이라면, 먹어보고는 싶은데... "
블로그,"카카오톡 선물하기 1위 ‘오쏘몰 이뮨 멀티비타민&amp;미네랄’ | 20, 30....","카카오톡 선물하기 1위 ‘오쏘몰 이뮨 멀티비타민&amp;미네랄’ | 20, 30.... 선물 받았는데 #3가지옵션선택가능 카카오톡 선물하기에서 7입/ 30입... 슬슬 건강 챙겨야 하는 20대 후반, 30대 친구나 지인에게 선물하기에 딱 좋은 선물이다! 나도 이 선물이 만족스러워서 받은 오쏘몰 이뮨... "
블로그,30대 건강 선물 오쏘몰 이뮨 멀티비타민 &amp; 시세이도 도라에몽 썬크림....,30대 건강 선물 오쏘몰 이뮨 멀티비타민 &amp; 시세이도 도라에몽 썬크림.... 건강을 생각하게 되는 30대 생일선물로 추천드리는 오쏘몰 이뮨 “멀티비타민” &amp; 시세이도 도라에몽... 역시 귀여운게 젤 좋은 30대 취향 탕탕 ㅋㅋㅋㅋㅋ 레전더리 란화향수 LEGENDORY REFINING BEAUTY IN FEMINITY 30ml... 
블로그,30대생일선물추천 비타민계의 에르메스 오쏘몰 이뮨,30대생일선물추천 비타민계의 에르메스 오쏘몰 이뮨 라는 느낌은 아니지만 안먹은 날보다는 덜 피곤한 거 같기도...? 기분탓인지 모르겠지만 헿 그래도 선물로 주고받기에는 정말 좋은 거 같아요  30대 생인선물로 오쏘몰 이뮨 추천합니다 :)
블로그,30대 비타민 추천 비타민계의 샤넬 오쏘몰 이뮨 후기 + 먹는법,"30대 비타민 추천 비타민계의 샤넬 오쏘몰 이뮨 후기 + 먹는법 있긴했는데 오쏘몰 이뮨을 선물받았다 오쏘뮬 이뮨이 비타민계의 에르메스, 샤넬이라나... 액상과... 5 mg (63 %), 비타민 K 80 ㎍ (114 %), 크롬 30 ㎍ (100 %), 몰리브덴 65 ㎍ (260 %), 철 7.2 mg (60 %), 판토텐산 7 mg... "
블로그,"30대 직장인 선물 추천 오쏘몰 이뮨 , 카카오톡 선물하기 가능","30대 직장인 선물 추천 오쏘몰 이뮨 , 카카오톡 선물하기 가능 30대 직장인인 나에게 동생 여자친구가 오쏘몰 이뮨을 선물해주었다. 오쏘몰 이뮨 유명하다는 이야기는 예전부터 들었는데 가격이 비싸기도 하고, 꾸준하게 비타민을 챙기지 않고 있어서 돈주고는 안사먹었는데... "
블로그,30대 아재의 비타민영양제 추천 (오쏘몰 이뮨),30대 아재의 비타민영양제 추천 (오쏘몰 이뮨) 바로 오쏘몰 이문(orthomol immun)입니다. 선물 받아 가격은 모르겠으나 인터넷보니 1박스 (30개입)에 (5-10초) 정도 인거 같네요. 은근 비쌈 박스는 이렇게 생겼습니다. 오우 캡슐 커피같는 자태 엥 스리라차 소스... 
블로그,"20,30대 내돈내산 선물 추천(크리스마스 연말 기념일)","20,30대 내돈내산 선물 추천(크리스마스 연말 기념일) 저의 원픽 기념일 추천 선물은 바로 오쏘몰 이뮨 멀티비타민 입니다. 비타민계의 에르메스 라는 말을... 비타민 선물과는 차별화 되는것 같아요. 30대의 남자친구들은 한창 체력이 떨어지는 걸 느끼게 되는데... "
블로그,[30대 여자 생일선물 추천] 오쏘몰 이뮨 멀티비타민&amp;미네랄,[30대 여자 생일선물 추천] 오쏘몰 이뮨 멀티비타민&amp;미네랄 ㅋㅋㅋㅋㅋㅋㅋㅋㅋㅋ 그냥 비싸서 효과가 좋다고 하는 것일수도 있다^^ 조만간 월드컵이라서 월드컵 기간에 꾸준히 복용해보려고 한다. #오쏘몰 #이뮨 #오쏘몰이뮨 #30대여자생일선물 #30대여자생일선물추천
블로그,[내돈내산]오쏘몰 이뮨 멀티비타민&amp;미네랄(카카오선물) 효과와 재구....,[내돈내산]오쏘몰 이뮨 멀티비타민&amp;미네랄(카카오선물) 효과와 재구.... 체력이 워낙 좋아서 30대 중후반에도 비타민이고 영양제고 뭐고 전혀 안 챙기던 나였는데 불혹이 되니... 최근 생일에 친구가 카카오 선물로 보내준 생일 선물. 오쏘몰 이뮨 멀티비타민&amp;미네랄 7개로 하루에... 
블로그,"30대 영양제 추천, 비타민계의 에르메스 오쏘몰","30대 영양제 추천, 비타민계의 에르메스 오쏘몰 30대 영양제 추천, 비타민계의 에르메스 오쏘몰 후기 © 찌뿌 전에 친구가 생일선물로 사줬던 오쏘몰 이뮨 이번에는 짝꿍이... 30개 한박스 10만원 정도 마로 밥값보단 저렴하네? 독일 프리미엄 건강기능 식품... "
블로그,"오쏘몰 이뮨 (멀티비타민 &amp; 미네랄)  / 비타민, 남자 영양제, 30대 남....","오쏘몰 이뮨 (멀티비타민 &amp; 미네랄)  / 비타민, 남자 영양제, 30대 남.... 친구에게 생일 선물 받아서 처음 접해본 영양제이지만 효과가 너무 좋은 것 같아서 앞으로도 잘 챙겨... 추천! #남자영양제 #비타민 #오쏘몰 #이뮨 #멀티비타민 #미네랄 #영양제추천 #비타민추천 #orthomol"
블로그,[선물 후기 ] 명품 비타민 오쏘몰 이뮨 멀티비타민 &amp; 미네랄,[선물 후기 ] 명품 비타민 오쏘몰 이뮨 멀티비타민 &amp; 미네랄 종합영양제 #오쏘몰비타민 #명품비타민 #30대선물 #친구선물 #직장동료선물 #직장인추천 요즘... 5mg 63% 비타민 K 80㎍ 114% 크롬 30㎍ 100% 몰리브덴 65㎍ 260% 철 7.2mg 60% 판토텐산 7mg 140% 엽산 800㎍ 200... 
블로그,카카오톡 30대 선물추천 오쏘몰 이뮨멀티비타민,카카오톡 30대 선물추천 오쏘몰 이뮨멀티비타민 카카오톡으로 선물받은 이뮨멀티비타민~! 간단리뷰 &lt;카카오 오쏘몰이뮨멀티바티민&gt; 약느낌이 확나는 포장지 총7개입이 들어있다고 나와있어요. &lt;오쏘몰 이뮨멀티비타민 7개입&gt; 뭔가 약간 약해보이는 은박지로... 
블로그,매일 피곤한 워킹맘을 위한 오쏘몰 이뮨 멀티비타민&amp;미네랄(feat. 카....,매일 피곤한 워킹맘을 위한 오쏘몰 이뮨 멀티비타민&amp;미네랄(feat. 카.... 30대 중반이니 이제 몸 잘 챙겨야한다며..ෆ 이렇게 받아보니 카카오톡 선물함에는 정말 다양한 제품들이 있구나 싶었어요 생일선물로 받았던 영양제 중에 하나였던 요새 김태희 비타민으로 핫하다는 오쏘몰... 
블로그,30대 영양제 선물 추천 명품 비타민 오쏘몰이뮨,"30대 영양제 선물 추천 명품 비타민 오쏘몰이뮨 30대가 되면 영양제를 찾게 되는데요 ^_T 오늘은 30대 친구들에게 주면 좋을 선물 #명품비타민 #오쏘몰이뮨 추천드려요 참 비싼,,, 오쏘몰이뮨 일주일치가 34,000원이랍니다,,,ㅎㅎ (올리브영 할인 전 가격 기준)... "
블로그,[카카오선물]오쏘몰 이뮨 멀티비타민 미네랄,"[카카오선물]오쏘몰 이뮨 멀티비타민 미네랄 비타민 선물을 받아 본 적이없는데, 30대가 지날 수 록 건강선물을 챙겨준다ㅎㅎㅎ 오쏘몰 이뮨 처음 들어보는 이름인데 엄청 생소했다. 우리나라 비타민은 아니고 독일제품 한박스에 30일분이 이렇게 다... "
블로그,"먹어본 영양제 중 최고, 오쏘몰 이뮨 orthomol immun 직구 및 섭취 후기 (....","먹어본 영양제 중 최고, 오쏘몰 이뮨 orthomol immun 직구 및 섭취 후기 (.... 선물하기에서도 선물을 보낼 수 있더라고요. (물론 가격은 직구에 비해 비쌉니다만.) 박스를 열어보면 이렇게 제품 설명과 함께 오쏘몰이 등장합니다. 30개가 들어 있어요. 저는 하나씩 간편하게 뽑아서 출근할... "
블로그,30대 남자 선물 오쏘몰 이뮨과 기초추천,30대 남자 선물 오쏘몰 이뮨과 기초추천 준비한 30대 남자 선물은 이렇게! 영양제계의 에르메스라는 오쏘몰 이뮨과 진짜 피붓결 개선에 효과... 아마 7개입 있고 30개입 있고 37개입이 있는데 저는 딱 한달용 30개입을 구매해봤어요!! 공식홈페이지에서... 
카페글,30대 영양제 멀티비타민 추천 오쏘몰 이뮨 30일분 특가 할인해요! (선물포장 ....,"30대 영양제 멀티비타민 추천 오쏘몰 이뮨 30일분 특가 할인해요! (선물포장 .... 30대 직장인들 멀티비타민 꼭 챙겨먹잖아요. 진짜 기운없는 날마다 꼭 먹는 오쏘몰 이뮨 마침 대폭 할인중이라 공유해요!! 선물포장 포함해서 가격이 83,000원 (30일분) 이더라구요! 오쏘몰 이뮨 특가 보기... "
카페글,"오쏘몰 바이탈 커플세트, 건강 선물세트 추천","오쏘몰 바이탈 커플세트, 건강 선물세트 추천 저도 30대 들어서니까 확실히 예전이랑은 다르더라구요. 그래서 이번에 오쏘몰 바이탈 커플세트를 눈여겨보게 됐어요. 혼자 챙기는 게 아니라 같이 관리할 수 있다는 점이 좋았거든요. 선물용으로도 괜찮겠다 싶어서 더... "
카페글,30대 남친 선물로 고른 보람이 있었어요...,30대 남친 선물로 고른 보람이 있었어요... 보낼 30대 남친 선물을 준비했는데 이트레이더스 갔더니 한스킨 앰플샷이 있더라고요? 오쏘몰이나 아임비타? 이뮨 갘은거 좋아해서 이거 사주면 좋겟다 먹으면 알아서 피부 좋아질꺼래~ 줬더니 좋아하더라구요 ㅎㅎ 근데... 
카페글,업무X) 20~30대분들이 선호하는 선물,"업무X) 20~30대분들이 선호하는 선물 단체 선물을 준비해야 하는데 막상 떠오르는 게 몇 개 되지 않아서 비서님들께 도움 요청드립니다. ( 스탠리 텀블러, 핸드크림, 오쏘몰, 스타벅스, 설빙, 이미스 모자, 탬버린즈 바디워시 ) 제가 생각한 건 위와 같은데 혹시... "
카페글,30대 여자 선물 추천해주세요ㅜㅜ,30대 여자 선물 추천해주세요ㅜㅜ 방향제같은?) 오쏘몰 영양제 이정도 생각해봤구 5만원 정도로 생각중이에요!! 30대 중반이시구 세련되시구 좀... 귀여운거 좋아하시는데 화장품이나 옷 스타일은 다 명품입고 고급지게 입구 다니셔요..어렵네요 선물 ㅠ
블로그,"[19% 할인 시즌] 오쏘몰 이뮨 비타민, 30일분 선물세트 득템,1일분 증....","[19% 할인 시즌] 오쏘몰 이뮨 비타민, 30일분 선물세트 득템,1일분 증.... 특히 2030 직장인·부모 선물용 비타민 검색량이 급증하는 시기입니다. 저 역시 연말 선물과 개인 복용을 겸해 오쏘몰 이뮨을 선택했습니다. 이번 19% 할인 시즌 구성, 실제로... "
유튜브,알아두면 평생 써먹는 꿀궁합 영양제들 👍,알아두면 평생 써먹는 꿀궁합 영양제들 👍 
유튜브,연예인들끼리 공유한다는 면역 끝판 영양제!,연예인들끼리 공유한다는 면역 끝판 영양제! #쿠팡추천 #인생템 #꿀템 #쿠팡 #최애템 #데일리템 #건강정보 #영양제추천 #건강관리 #비타민
유튜브,영양제 섭취방법 한 눈에 보기,"영양제 섭취방법 한 눈에 보기 영양제 섭취방법 한 눈에 보기

가장 많은 분께서 섭취하면서 문의주셨던 
9가지 영양제의 섭취방법입니다.

대부분은 아침이든 저녁이든 상관이 없으니
편한 시간에 드시면 되고요.

결정이 어렵다면 마지막 장면 예시 그대로 섭취하시면 됩니다!

이 밖에도 섭취 시간이 궁금한 성분이 있다면 언제든 댓글로 남겨주세요.

즐거운 하루 보내세요. ^^

#영양제 #섭취 #시간 #타이밍"
유튜브,피로회복제에 100만원 쓴 약사가 알려주는 꿀조합💊#어떤약사 #약사 #약국 #약국템 #약국템추천 #피로회복제#영양제#비타민#꿀조합 #꿀팁 #김석진LAB#박카스#마그네슘#이뮨비타민,"피로회복제에 100만원 쓴 약사가 알려주는 꿀조합💊#어떤약사 #약사 #약국 #약국템 #약국템추천 #피로회복제#영양제#비타민#꿀조합 #꿀팁 #김석진LAB#박카스#마그네슘#이뮨비타민 💊피로회복제에 100만원 쓴 약사가 알려주는 꿀조합💊

😨한 숨도 못 잤을 때
📍이뮨비타민+박카스
밤새 고갈된 비타민, 무기질을 이뮨비타민이 한 병으로 보충해줘요!😪
멍해진 머리를 깨우고 정신을 번쩍 들게 만드는 타우린, 카페인 성분의 박카스까지!
(카페인에 예민하신 분들은 타우린만 든 음료로 골라주세용)

😨집중력이 떨어졌을 때
📍글루콤+라라올라
체력적인 피로가 아닌 수험생, 큰 프로젝트를 진행중인 직장인 분들에게 꼭 맞는 두뇌&피로 영양제!⚡️
글루콤의 아미노산+뇌세포 구성성분이 집중력을 받쳐주고, 라라올라로 피로물질을 없애주세요!!
시험기간에 정말 효과 많이 본 조합이기도 해요

😨땀흘리고 지칠때
📍액상마그네슘+액상포도당
격한 운동 후, 콘서트 후 체력이 바닥을 친 분들!
액상 포도당+무기질로 무너진 전해질 균형을 빠르게 맞춰주고
마그네슘이 수축되고 뭉친 근육을 부드럽게 풀어줍니다
더불어 마그네슘의 이완작용으로 꿀잠까지~😴

😨피로회복 끝판왕
 📍포스톤+자하생력
진리의 조합이죠! 비타민B군+자하생력
인태반성분이 체력, 집중력, 면역력을 단번에 끌어올려주고
비타민B군이 하루를 버틸 수 있는(?) 에너지를 만들어줘요! 

저희 약국에서 많은 분들이 효과보신 꿀조합이니까
믿고 드셔보세용😊😊

피로감 없는 하루 되세요!!!!⚡️

-
나에게 딱 맞는 최적의 영양제 조합이 궁금하다면?🔎
: http://pf.kakao.com/_xdXUyG

👩🏻‍⚕어떤약사 스마트스토어👩🏻‍⚕
https://m.smartstore.naver.com/awesomeyaksa"
유튜브,10대vs20대 [생일선물],"10대vs20대 [생일선물] #광고 10대vs20대 [생일선물]
•
@dr.althea_korea_official

짠~~~내 선물이야~🎁
뭐야!! 이거 닥터엘시아 345크림이잖아?

민감피부도 순하게 진정시켜준다는 크림!!
👉 지금 올영세일 중이니까 얼른 달려가!!!

📌345 크림 단품 & 튜브링거 기획세트
29,000원 → 24,500원 (16% OFF)

#닥터엘시아 #345크림 #연고크림 #345크림미스트"
유튜브,삶의 질 상승시키는 약국 피로회복제✨글루콤만 있는게 아니라구! 【광고❌】,"삶의 질 상승시키는 약국 피로회복제✨글루콤만 있는게 아니라구! 【광고❌】 약국 피로회복제 및 수험생 영양제의 대명사가 된
글루콤  :)

사실은 글루콤 말고도 여러 종류가 많은데요,
상황에 따라 추천하는 종류가 달라진다는 거💖
대표적인 약국 앰플(바이알) 알려드릴게요!

┉┉┉┉┉┉┉┉┉┉┉┉┉┉┉┉┉┉┉┉
ℹ️ 본 내용은 전문가에 의한 정보제공이 목적이며,
개인차가 있을 수 있습니다😉
사용에 따른 책임은 본인에게 있습니다.
사용 전 반드시 각 제품의 설명서를 잘 읽고 사용하세요.
영상 및 포스팅 내 제품은 각 성분의 예시입니다. 
질환이 있다면 반드시 병원에서 적절한 치료계획을 세우시길 바랍니다."
유튜브,이거 실화냐? 3만원대 명품 선물,"이거 실화냐? 3만원대 명품 선물 #shorts #내돈내산
#3만원대명품선물 #3만원대선물추천 

영상 속 등장하는 제품은
모두 카카오선물하기에서 구매했습니다! 

현재 시점에서 
발망 제품은 품절되었더라고요ㅠㅠ

찾아보니 쿠팡에서도 판매 중이에요
쿠팡에서 구매할 경우,
영상 속 나온 선물 패키지랑
다를 수 있는 점 참고해주세요!

그럼 오늘도 슬기로운 선물 생활하세요!🎁"
유튜브,[카카오톡 생일선물]오쏘몰 이뮨 멀티비타민  후기,"[카카오톡 생일선물]오쏘몰 이뮨 멀티비타민  후기 제가 한번 먹어보았습니다. 
쿠팡에서 소액의 수수료를 지급받을 수 있습니다.

아래 링크에서 상품 상세페이지 확인이 가능합니다. 
https://coupa.ng/b7WGtI"
유튜브,가성비 선물 추천 오쏘몰 이뮨(비타민계의 에르메스),가성비 선물 추천 오쏘몰 이뮨(비타민계의 에르메스) 
유튜브,하루라도 안 먹으면 죽을 것 같은 영양제 BEST3 #shorts,"하루라도 안 먹으면 죽을 것 같은 영양제 BEST3 #shorts 하루라도 안 먹으면 죽을 것 같은 영양제 BEST3 #shorts 

• 리포데이 유산균
• 뉴칸 더블파워
• 안국건강 루테인"
유튜브,마지막 한 톨까지 탈탈 비타민 오쏘몰 먹는법 #협찬X #shorts #신랑생일선물 #건강 #오쏘몰 #사라언니네,"마지막 한 톨까지 탈탈 비타민 오쏘몰 먹는법 #협찬X #shorts #신랑생일선물 #건강 #오쏘몰 #사라언니네 협찬X

울동동 나이에 따라
생일선물도 달라진다는게 
몸소 실감나는중

작년까지만해도
스벅이나, 상품권, 치킨들이 많았는데

올해는 요래
#오쏘몰 이 그-득ㅋㅋㅋㅋㅋㅋㅋㅋ
스벅들어오면 내가 참 좋았는데 ㅋㅋㅋ🤣

그래 신랑이 건강해야지 ㅋㅋㅋㅋㅋㅋ
울신랑 선물 챙겨주셔서 감사합니다😍

#shorts #신랑생일#건강#오쏘몰"
유튜브,약국 비타민B 영양제 레츠고💊✔️ #영양제 #약국 #종합비타민,약국 비타민B 영양제 레츠고💊✔️ #영양제 #약국 #종합비타민 약국 비타민B 종류별 특징 정리해보았어요
유튜브,내돈내산 꾸준히 챙겨먹는 영양제 추천 | 추석 선물 추천 | 오쏘몰 이뮨 | 대장사랑 | 부승관리템 | 직구 영양제,"내돈내산 꾸준히 챙겨먹는 영양제 추천 | 추석 선물 추천 | 오쏘몰 이뮨 | 대장사랑 | 부승관리템 | 직구 영양제 안녕하세요 라일락입니다
곧 다가오는 추석 주변에 선물하기에도 너무 좋고 평소에 챙겨먹기에도 좋은 제가 직적 구매해 꾸준히 챙겨먹는 영양제 추천 영상을 가지고 왔습니다 :)
댓글로 여러분들의 추천도 많이 공유해주시고 도움이 됐다면 구독과 좋아요도 부탁드려요

제품리스트
오쏘몰
이뮨 멀티비타민
https://link.coupang.com/a/9Z6Bi

미궁365
대장사랑 오리지널
https://link.coupang.com/a/9Z639

직접 구매한 제품들이며 링크로 구매시 파트너스 수익이 발생할 수 있습니다

Email: lilacmakeup95@gmail.com
insta: lilacbeauty_cosme
https://www.instagram.com/lilacbeauty_cosme/"
유튜브,오쏘몰 이뮨이 명품 영양제? 3배 더 비싼 명품 종합영양제가 있습니다!! (feat. 명절선물 추천),"오쏘몰 이뮨이 명품 영양제? 3배 더 비싼 명품 종합영양제가 있습니다!! (feat. 명절선물 추천) 오쏘몰 이뮨 영양제보다 개인적으로 더 효과 봤던 영양제 소개시켜 드립니다.

제 돈으로 사서 먹은 제품이지만, 정말 효과가 좋아서
소개시켜 드리는것이니 광고로 오해 없으시면 좋겠습니다.

진짜 명품 영양제라면,
천연재료에 기반해서 하루에 필요한 영양성분을 골고루 
모두 공급할 수 있어야 한다고 생각합니다.

그런 측면에서,
오늘 소개시켜 드리는 독일 영양제는
세계적 유명 선수들도 먹고 있다고 하니,
높은 가격이라도 피로한 가족에게 명절선물 해보는건 어떨까요?

#오쏘몰 이뮨, #종합영양제, #명절선물 추천"
유튜브,카톡 선물하기 20대 30대 생일선물 추천 리스트🎁 #선물추천 #생일선물추천,"카톡 선물하기 20대 30대 생일선물 추천 리스트🎁 #선물추천 #생일선물추천 생일선물 고민 끝내 드릴게요!
카톡 폴미위크 기간에 '나에게 선물하기'도 추천♥️

🎁카카오톡 선물하기 선물 추천 총 10가지🎁
#20대선물 #30대선물 #친구선물 #집들이선물

1. 오쏘몰 이뮨 멀티비타민
https://gift.kakao.com/product/2301047

2. 동구밭 퍼퓸바 세트
https://gift.kakao.com/product/12150937

3. 스누피 세라믹 시리얼볼 스푼 세트
https://gift.kakao.com/product/5660607

4. 오설록 포레스트 티 박스
https://gift.kakao.com/product/7580056

5. 오덴세 디저트 커트러리(카톡 품절)
https://shopping.naver.com/window-products/outlet/10848629695

6. 이도온화 컵라면 도자기
https://gift.kakao.com/product/9947126

7. 오아 미니 가습기
https://gift.kakao.com/product/2177924

8-1. 티르리르 화이트 펄 실버 팔찌
https://gift.kakao.com/product/10711752

8-2. 모던라이크 실버 발찌
https://gift.kakao.com/product/2409782

8-3. 앵브록스 미드나잇 스타 팔찌
https://gift.kakao.com/product/11229474

9-1. 온브릭스 귤
https://gift.kakao.com/product/2215886

9-2. 수플린 딸기
https://gift.kakao.com/product/12592601

10. 금상어가 홈마카세
https://gift.kakao.com/product/6853984"
유튜브,명품 비타민? 오쏘몰 이뮨 리뷰 #shorts,명품 비타민? 오쏘몰 이뮨 리뷰 #shorts 
유튜브,"요즘 유명하다는 ""독일에서 온"" 종합영양제 오쏘몰이뮨, 독일에 사는 친구에게 직접 물어봤습니다!!","요즘 유명하다는 ""독일에서 온"" 종합영양제 오쏘몰이뮨, 독일에 사는 친구에게 직접 물어봤습니다!! 천연백언니입니다^^ 
작은거 하나를 사더라도 까다롭게 사는 예민한 제가, 
오히려 그런 세세한 정보들을 공유할 수 있지 않을까 라는 마음에서 시작하게 되었어요~

20대 초반에 외국에 살때부터 해외 다양한 영양제를 접하게 되면서,
20년 가까이 전세계 다양한 영양제를 먹어온 경험이 있어요.
겉만 그럴듯하고 광고만 많이 하면서, 실제 좋은성분은 낮은 영양제를 
비싼돈 주고 사드시는 분들이 주변에 많은 것을 보면서 
'그거보다 이 건강식품이 더 좋아요~~~!!'라고 외치고 싶은적이 한두번이 아니었답니다.

그리고 20대부터 국내 해외 여행을 많이 다녀서 호텔이나 숙소를 아주 까다롭게 들여다본답니다.
침대는 쾌적한지, 매트리스는 푹 꺼지지 않는지, 화장실 사용은 불편하지 않는지, 전망은 어디가 좋은지 등
여행에 관련된 정보와 숙소 정보를 사용자 입장에서 자세히 알려드리려고 해요!!

마지막으로 유기농 화장품과 실제 생활에서 유해한 세제나 성분제품을 대체할 수 있는
좋은 성분 착한 성분 천연 성분 유기농 성분 세제와 제품들을 소개해 드리려고 합니다.
유해성분으로 구성된 제품이 우리 집안과 주변에 너무 많이 노출되어 있고 사용되고 있는것을 보니,
유해한 발암물질이 이렇게 많은데 괜찮을까? 암에 걸리는거 아닐까?
걱정되고 의심이 되네요.

조금이라도 건강하게 그리고 저렴하게 구입하는  방법을 공유하려고 합니다.
무조건 비싸고 좋은 제품이 아닌, 저렴하지만 건강에 도음되는 제품을 소개해 드릴께요.
그리고 좋은제품을 최대한 저렴하게 같이 쇼핑해 보면서, 최저가 쇼핑노하우도 같이 공유했으면 합니다. 
모두 모두 건강한 제품 사용하시면서 건강하시고 똑똑한 알뜰쇼핑 함께 해요^^ 

#오쏘몰, #종합영양제, #오쏘몰이뮨"
유튜브,🇩🇪독일 온라인 약국 쇼핑 하울 +오쏘몰 독일가격‼️ 유세린 #독일 #germany #브이로그 #오쏘몰 #쇼핑 #쇼핑하울 #유럽 #vlog #haul #eucerin,🇩🇪독일 온라인 약국 쇼핑 하울 +오쏘몰 독일가격‼️ 유세린 #독일 #germany #브이로그 #오쏘몰 #쇼핑 #쇼핑하울 #유럽 #vlog #haul #eucerin 
유튜브,독일 다녀온 친구한테 받고 싶은 선물 Top 3 🎁 [직접 물어봤습니다🎙️] #독일 #독일어 #독일선물 #독일여행,독일 다녀온 친구한테 받고 싶은 선물 Top 3 🎁 [직접 물어봤습니다🎙️] #독일 #독일어 #독일선물 #독일여행 
유튜브,[ENG/JPN] 언박싱만 2시간.. 생일선물 언박싱🎁 같이 뜯어봐요📦 | 20대 여자 선물 추천 | 택배언박싱 | 카카오톡 선물하기 | UNBOXING | 재유JEYU,"[ENG/JPN] 언박싱만 2시간.. 생일선물 언박싱🎁 같이 뜯어봐요📦 | 20대 여자 선물 추천 | 택배언박싱 | 카카오톡 선물하기 | UNBOXING | 재유JEYU 📢이 영상은 유료광고를 포함하지 않습니다. 
📢본 채널의 모든 콘텐츠 (초상권,성명권,영상 녹화,영상 일부 캡쳐 등)에 대한 무단 도용과 협의되지 않은 상업적 목적의 사용을 금합니다. 

[Contact] jeyu@dmil.kr
[Instagram] https://instagram.com/u.jae_

안녕하세요 재롱이덜💙
매년 돌아오는 바로 그 영상이죠.. 생일선물 언박싱 영상을 들고 왔어요!!!
이 영상 찍을때마다 참 시간이 빠르다는 생각이 들어요
유튜브 시작하고서 벌써 네번째 생일인거 실화냐며..⭐️

재롱이들이랑 같이 뜯어보려고 이번에도 안 뜯고 참았다가
한번에 언박싱 영상으로 찍어봤어유 ㅎㅎ

또 이렇게 찍어두면 
요즘은 어떤게 생일선물 하기에 좋은지 알기에도 좋을거 같더라구요!ㅋㅋ

인복이 넘치는 사람이라.. 언박싱 하는데 2시간 걸렸지만 행복해유..
생일 챙겨준 지인들, 친구들, 담당자님들 모두 넘넘 감사드리고
늘 제 곁에 있어주는 우리 재롱이들도 모두 고맙습니다💙
-
🎁타임라인🎁
0:00오프닝
0:50마르티넬리 루체 미니피피스트렐로 테이블램프 라지
2:40보컨셉 벨벳 리프 트레이
3:28구찌 허베리움 접시
4:42카누 바리스타 캡슐 커피머신 브리즈
6:21딥디크 차량용 방향제 베이
7:16몰스킨 클래식노트 소프트 포켓
7:29오늘의집 LED 독서등
7:45쓰임 굿바이브 고블렛잔
8:08카누 바리스타 전용 캡슐
8:21피부피부 아로마 배쓰 솔트
8:50오쏘몰 이뮨 7입
9:45에탄올난로 벽난로 가정용 불멍
9:54샤워 가운
10:35일광전구 스노우맨 22 솔리드 테이블 스탠드
11:10이노메싸 앤트레이션 세타고
12:00텐더가든 초대형 프리미엄 디퓨저 세트
13:10피몽쉐 리버티 아로마 오일
13:26비비안 웨스트우드 동전 지갑
13:44트렌디홈 마드모아젤 디저트 접시 세트
14:10조말론 문릿 캐모마일 필로우 미스트
14:48우알롱 볼캡
15:13북아이템 몰스킨 레터 심볼
15:25고디바 까레 어쏘트먼트 초콜렛
16:10웨지우드 브레드앤버터 플레이트
17:06하우스오브써니 미니 메탈릭 아이콘 숄더백
17:45루미르R 테이블 램프
18:15스타벅스 커피 캡슐
18:40공기정화식물 은행목 반려 식물
18:55로파서울 스틸 머그컵
19:29오쏘몰 이뮨 7입
19:43오쏘몰 이뮬 30일분
20:18무인양품 초음파 아로마 디퓨저 무드등
-
착장정보

가디건-로라로라(제품제공)
-
#생일선물언박싱 #택배언박싱 #선물언박싱
#같이뜯어봐요 #언박싱 #unboxing"
유튜브,영양제 여러개 먹기 부담스러우시면 종합비타민 '이걸' 드시면 됩니다.,"영양제 여러개 먹기 부담스러우시면 종합비타민 '이걸' 드시면 됩니다. 안녕하세요 

약들약의 고약사 입니다 

오늘 영상은

국내용 종합비타민을 한번 골라봤습니다.

그동안은 해외 제품들을 많이 소개 드렸는데

국내 제품을 물어보시는 분이 많으셨습니다.

그럼에도 적절한 제품이 눈에 안들어와서... 

어렵게 선별한거 같습니다


국내는 건강기능식품 허가 사항 때문에 성분에 대한

제약이 많아서.. 직구 대비 좀 말할게 없었는데

최근에 다양한 제품이 나오고 직구 대비 메리트가 있는 제품도 있어서

참고하시면 좋을거 같습니다. ^^


건강하시길 기원합니다

감사합니다.


인스타그램: http://www.instagram.com/yakstory119

밴드 : http://band.us/@yakstory119

카페 : http://cafe.naver.com/yakstory119



상담 메일 : yakstory119@gmail.com

비지니스 메일 : yakstory119@sandbox.co.kr

** 본영상은 의학적인 내용을 다룰 수 있지만 꼭 주치의와 상의를 하시고
판단하세요! **

** 본 영상은 어떠한 광고나 대가성 정보가 포함되어 있지 않습니다 **


#종합비타민"
유튜브,"골프장 필수템? 에르메스 비타민? 오쏘몰 이뮨, 진짜 명품인지 원료부터 살펴봤습니다","골프장 필수템? 에르메스 비타민? 오쏘몰 이뮨, 진짜 명품인지 원료부터 살펴봤습니다 안녕하세요 건기남입니다. 

이번 영상은 오쏘몰 이뮨 리뷰 영상입니다.
궁금한점이 있으시면 댓글로 남겨주세요.

건기남 1:1 상담 및 추천제품이 궁금하시면?
https://gunginam.com 으로 방문해주세요!



비지니스 관련 문의 
gunginamtv@naver.com
(개별 상담은 gunginam.com 을 이용해주세요)"
유튜브,주변 여성분들이 모두 감동했던 [카카오톡 선물] 가격대별 추천,"주변 여성분들이 모두 감동했던 [카카오톡 선물] 가격대별 추천 00:00 돌아온 선물 추천 컨텐츠!!
00:04 카카오톡 크리스마스 선물추천!
01:11 쓰임'하트시그널' 머그 2p세트
02:25 전동 와인 오프너+나무 도마&치즈나이프3종세트
04:06 오쏘몰 이뮨 멀티비타민&미네랄7입
05:49 양키캔들 향초 미니워머 선물세트
07:14 러쉬 더 올리브 브랜치 500g -샤워 젤
08:29 판도라 베스트 반지 10종 택1
09:22 미스 디올 블루밍 부케 오 드 뚜왈렛30ML
10:07 바이레도 헤어퍼퓸 75ml (6종택1)
11:13 돌체구스토 인피니시마+스타벅스 캡슐1BOX + 스타벅스 노트
12:12 딥티크 차량용 방향제 (케이스+향기 캡슐 택1)
13:28 인스탁스 리플레이+ 미니필름20매
14:35 마무리!
14:56 쿠키영상~

*기획: Classsy / Willy
*촬영: Topher
*편집: Willy / Lulu

#크리스마스선물추천 #카카오톡선물추천 #여자선물추천

*클래씨TV 출연 및 비즈니스 문의: jswk3@naver.com
*클래씨룸 네이버카페: https://cafe.naver.com/classyroom
*클래씨 인스타그램: https://www.instagram.com/classsytv
*클래씨 굿즈 구매: https://filobisknot.com/product/CLASSSY01
*클래씨 정기 업로드: 일요일 저녁 9시(추가 업로드: 랜덤) 

*영상 구독 수익금의 일부는 UN아동기금(UNICEF)에 기부됩니다.
*Some of subscription proceeds are donated to UNICEF."
유튜브,"불면증 심한 화사가 수면제 대신 꼭 챙기는 '이 꿀잠 영양제'는?! 😴 잠 안 오는 당신, 안보면 후회합니다!","불면증 심한 화사가 수면제 대신 꼭 챙기는 '이 꿀잠 영양제'는?! 😴 잠 안 오는 당신, 안보면 후회합니다! 📍해당 제품은 프로필링크에서 ‘36번’ 또는 '꿀잠' 검색
🩷셀럽원픽 채널은 셀럽들이 추천하는 아이템을 공유하고 빠르게 찾을 수 있도록 도와드려요🩷

출처 : MyMusicTaste

안녕하세요, 여러분! 오늘은 불면증 때문에 고통받는 모든 분들을 위한 희소식! 📢마마무 화사님이 ""불면증이 심하지만 수면제는 절대 안 먹는다""며 직접 공개한 '숙면 비결 영양제'를 소개해 드릴게요. 🌙

화사님은 수면유도제나 수면제는 부작용이 있는 것 같아 절대 먹지 않는다고 해요. 대신 그녀가 선택한 것은 바로 '멜라토닌' 약! 멜라토닌은 원래 우리 몸에서 분비되는 성분으로, 잠이 오게끔 자연스러운 수면을 유도해주는 착한 성분이라고 하네요. 😴

화사님은 이 멜라토닌 약을 약통에 항상 몇 알씩 구비하고 다닐 정도로 찐 애정템이라고 강조했어요. 팬들도 이미 알 정도로 그녀의 불면증 극복에 큰 도움을 주었다고 하니, 잠 못 이루는 밤을 보내고 계셨던 분들이라면 정말 솔깃하시죠?

부작용 걱정 없이 자연스럽게 깊은 잠을 자고 싶으신 분들, 화사처럼 꿀잠 자고 활기찬 아침을 맞이하고 싶으신 분들이라면 이 영상 놓치지 마세요! 지금 바로 화사의 숙면 비결을 확인하고 '꿀잠'의 세계로 빠져보세요! 💖

#화사 #화사멜라토닌 #멜라토닌 #불면증 #불면증극복 #숙면 #숙면꿀팁 #수면제대신 #천연수면제 #잠안오는밤 #꿀잠 #건강기능식품 #영양제추천 #수면유도제 #숙면영양제 #마마무화사 #화사꿀팁 #불면증치료 #숙면루틴 #수면질향상"
유튜브,대치동 수험생 3대 영양제. 성분은 과연?,대치동 수험생 3대 영양제. 성분은 과연? 
유튜브,약사들은 오쏘몰을 안먹는다구? #약국 #꿀팁,"약사들은 오쏘몰을 안먹는다구? #약국 #꿀팁 비타민계의 에르메스?
오쏘몰 이뮨 과연 좋은 성분인걸까요?"
유튜브,오쏘몰 정말 살 만할까?,"오쏘몰 정말 살 만할까? #오쏘몰 #오쏘몰이뮨
명품 영양제로 유명한 오쏘몰 리뷰해봤습니다."
유튜브,(나만) 재미있는 생일선물 언박싱,"(나만) 재미있는 생일선물 언박싱 얼마 전 저의 생일에 많은 분이 축하와 함께 선물을 보내주셨습니다. 
재미있는 선물도 많아서 어떤 걸 받았는지 소개 해보려고 합니다. 

1. 농협안심한우(갈비살, 등심)
2. 오쏘몰 이뮨 멀티비타민&미네랄 30일분
3. 유시몰 화이트닝 칫솔 3개, 치약, 쇼핑백
4. 탬버린즈 퍼퓸 핸드크림
5. 아디다스 퍼포먼스 남녀공용슬리퍼 알파바운스슬라이드
6. 비하우스
7. 마이클리더, 제이크커닝햄 지음, 송보라 옮김, 『지브리 스튜디오에선 무슨 일이』, 애플트리 테일즈, 2022

보내주신 축하와 선물 모두 감사히 잘 받았습니다. 
다시 한 번 진심으로 감사합니다. 

#생일선물 #생일선물언박싱 #오쏘몰 #유시몰 #탬버린즈 #아디다스슬리퍼 #비하우스 #지브리스튜디오에선무슨일이"
유튜브,오쏘몰 선물받고 싶은! 추천해드려요 추천 TOP10,"오쏘몰 선물받고 싶은! 추천해드려요 추천 TOP10 ❤️❤️❤️선물받고 싶은! 오쏘몰 추천해드려요❤️❤️❤️

[00:06]
10위. #오쏘몰 이뮨 30일 1박스 orthomol 독일 종합비타민(드링크+정제)   [79,800원]
❤️구매링크👉https://link.coupang.com/a/JW7Gf

[00:11]
9위. #[국내발송] 오쏘몰 이뮨 멀티비타민&미네랄 드링크 정제 7개입 + 3개 더 (10일분), 1개, 7개입+3회분   [44,400원]
❤️구매링크👉https://link.coupang.com/a/JW7Iq

[00:17]
8위. #오쏘몰 이뮨 30일 1+1 2박스 orthomol 독일 종합비타민(드링크+정제)   [154,000원]
❤️구매링크👉https://link.coupang.com/a/JW7MF

[00:22]
7위. #정품 오쏘몰 이뮨 멀티비타민 30일분 + 동아제약 장솔루션 30일분 (증정 쇼핑백), 1개, 오쏘몰이뮨30일분+장솔루션30일분   [114,320원]
❤️구매링크👉https://link.coupang.com/a/JW7OA

[00:28]
6위. #(국내배송) 오쏘몰 이뮨 멀티비타민&미네랄 14입 (2주분)   [63,010원]
❤️구매링크👉https://link.coupang.com/a/JW7QC

[00:33]
5위. #오쏘몰 이뮨 멀티비타민, 1개, 30개입   [40,880원]
❤️구매링크👉https://link.coupang.com/a/JW7S0

[00:39]
4위. #국내배송 오쏘몰 이뮨 멀티비타민&미네랄 7입, 1개   [32,780원]
❤️구매링크👉https://link.coupang.com/a/JW7Wa

[00:44]
3위. #[국내발송] 오쏘몰 이뮨 멀티비타민&미네랄 드링크 정제 7개입 + 3개 더 (10일분), 7개입+3회분   [47,500원]
❤️구매링크👉https://link.coupang.com/a/JW7YD

[00:50]
2위. #미소시장 공식수입품 오쏘몰 이뮨 명품비타민 연애인비타민 30일분 최신 제조일자 증정(쇼핑백), 30일분/1박스   [102,030원]
❤️구매링크👉https://link.coupang.com/a/JW71e

[00:55]
1위. #오쏘몰 이뮨(드링크+정제) 30일 2박스   [103,810원]
❤️구매링크👉https://link.coupang.com/a/JW73j


❤️상품품절시 구매링크👉https://link.coupang.com/a/JW7zP




이 포스팅은 쿠팡파트너스 활동의 일환으로, 이에 따른 일정액의 수수료를 제공받습니다."
유튜브,30대 직장인 친구한테 조명 선물하면 욕먹는 이유 (feat. 오쏘몰),"30대 직장인 친구한테 조명 선물하면 욕먹는 이유 (feat. 오쏘몰) 아직도 친구 생일에 예쁜 쓰레기 사주는 흑우 없지?
30대한테 감성은 사치고 생존이 복지다.
내 돈 주고 사긴 아까운데 남이 주면 그랜절 박는다는 비타민계 에르메스 털어봤음.
내일 친구 화장실에서 마운틴듀 나온다고 연락 와도 당황하지 마라.
그게 다 니가 살려냈다는 증거니까.

#왜샀냐 #30대선물 #오쏘몰

Audionautix의 Tuba Waddle에는 크리에이티브 커먼즈 저작자 표시 4.0 라이선스가 적용됩니다. creativecommons.org/licenses/by/4.0/
아티스트: audionautix.com/"
유튜브,오쏘몰이 최고? 액상비타민 5종 빠르게 장단점 비교!,"오쏘몰이 최고? 액상비타민 5종 빠르게 장단점 비교! 건기남 1:1 상담 및 추천제품이 궁금하시면?
https://gunginam.com 으로 방문해주세요!




비지니스 관련 문의 
gunginamtv@naver.com
(개별 상담은 gunginam.com 을 이용해주세요)"
유튜브,"명품 비타민? 왜 비쌀까? 오쏘몰 이뮨의 효과와 부작용, 성분, 먹는 방법까지 모두 약사가 정리해 드려요!","명품 비타민? 왜 비쌀까? 오쏘몰 이뮨의 효과와 부작용, 성분, 먹는 방법까지 모두 약사가 정리해 드려요! 오늘은 김태희 비타민으로 한창 핫했던 오쏘몰 이뮨 멀티비타민에 대해서 리뷰해보려고 해요.

요즘은 비타민계의 에르메스로 불리며 비싼 가격에도 불구하고 선물용으로 많이 구매하고 계시는데요, 오쏘몰 이뮨을 복용 중이신 분들이나 선물로 고려하고 계신 분들이라면 오늘 영상을 주목해주세요!"
유튜브,감기 몸살 빨리 낫는 법 #약국꿀템 #약국꿀조합,감기 몸살 빨리 낫는 법 #약국꿀템 #약국꿀조합 
유튜브,Hermes of the Vitamin. 오쏘몰 이뮨~ 느낌이~~😆😜🤪🥵😝#shorts,"Hermes of the Vitamin. 오쏘몰 이뮨~ 느낌이~~😆😜🤪🥵😝#shorts #오쏘몰 #orthomol #비타민 #명품비타민

⭐️오늘은 선물입니다⭐️
일상의 행복을 영상으로 기록합니다. 
https://youtube.com/channel/UCzRO2ot3qHuBAYXYkybluKg"
유튜브,"눈가 관리 끝판왕, 효과 대박이라는 아이크림","눈가 관리 끝판왕, 효과 대박이라는 아이크림 #아이크림 #다크서클 #눈가주름 #주름개선 #안티에이징 #스킨케어 #아이크림추천 #기능성화장품 #효과리뷰 #Shorts"
유튜브,모르면 진짜 손해보는 면세점 best 신상 쇼핑 할때 이건 절대 사지마세요..!!✔️,모르면 진짜 손해보는 면세점 best 신상 쇼핑 할때 이건 절대 사지마세요..!!✔️ #면세점쇼핑 #면세점화장품
유튜브,오후4시 잠깨는 특제 드링크 #비타민추천 #오쏘몰 #콤부차  #orthomol #vitaminC #졸리다,"오후4시 잠깨는 특제 드링크 #비타민추천 #오쏘몰 #콤부차  #orthomol #vitaminC #졸리다 오쏘몰 이뮨 비타민은 독일 직구상품으로 30개입 7만원 전후에 사시면 적당합니다. 
장거리 운전할때, 등산갈때등 힘 딸릴때 챙겨서 다녀요.

콤부차는 티젠이 무난한데 레몬맛이 너무 새콤해서 요즘 잘 먹는 브랜드에요.

구입처는 제 채널 게시글에 오시면 평소 쓰는 식제료 링크가 정리되어 있습니다."
유튜브,남녀불문 향 뭐냐고 물어봤던 바디로션 3가지🛁🤍,남녀불문 향 뭐냐고 물어봤던 바디로션 3가지🛁🤍 
유튜브,비타민 B를 왜 뺀거야? #shorts #오쏘몰,"비타민 B를 왜 뺀거야? #shorts #오쏘몰 오쏘몰 비타민은 여기로 
https://link.coupang.com/a/7xY6T
""이 포스팅은 쿠팡 파트너스 활동의 일환으로, 이에 따른 일정액의 수수료를 제공받습니다.""


Orthomol, a German health food brand, has grown into a global health functional food company by pouring out the Orthomol series. In particular, it produces many good products at good prices enough to be called the 'Chanel of the vitamin industry'. Among them, Orthomol Immune is a compound word of the company name Orthomol and Immune, and is one of the most famous products. Immune can be seen as a word with the meaning of autoimmune, meaning that it increases immunity.
Studies have shown that vitamin E may increase the risk of prostate cancer, especially in men. Therefore, to avoid the side effects of Orthomol Immune, you must know exactly what vitamins and dietary supplements you are taking, as well as the maximum daily dose.

오쏘몰은 독일의 건강식품 브랜드로서 오쏘몰 시리즈를 쏟아내며 글로벌 건강기능식품 기업으로 성장했습니다. 특히 '비타민 업계의 샤넬' 이라는 별명으로 불릴만큼 좋은 가격의 좋은 제품을 많이 생산하고 있습니다. 그 중에서 오쏘몰 이뮨은 오쏘몰 이라는 회사명과 이뮨(immune) 의 합성어로서 가장 유명한 제품 중 하나입니다. 이뮨은 자가면역 이라는 뜻을 가진 단어로서 면역력을 높여준다는 의미로 볼 수 있습니다.
특히 남성분들에게는 비타민E가 전립선암에 걸릴 확률을 높일 수 있다는 연구결과도 있습니다. 따라서 오쏘몰 이뮨 부작용을 피하시려면 복용하시는 비타민 및 건강보조식품을 정확히 파악하시고 일일 최대 복용량 등을 꼭 파악하셔야 합니다."
유튜브,남자들이 본능적으로 끌리는 여자향수 Best 3.제 취향과 상관없이 남자들이좋아하는 향수로 추려보왔어요~ #향수추천#남자가좋아하는여자향수,남자들이 본능적으로 끌리는 여자향수 Best 3.제 취향과 상관없이 남자들이좋아하는 향수로 추려보왔어요~ #향수추천#남자가좋아하는여자향수 
유튜브,2023년 상반기 오쏘몰 추천 TOP 10 (쿠팡 가격 평점 후기 비교)️,"2023년 상반기 오쏘몰 추천 TOP 10 (쿠팡 가격 평점 후기 비교)️ ❤️❤️❤️오늘의 특가! 오쏘몰 추천해드려요❤️❤️❤️

10위 : 오쏘몰 이뮨 멀티비타민
❤️구매링크👉  https://link.coupang.com/a/S3fjf

9위 : 정품 오쏘몰 이뮨 최신 유통기한 당일 발송 공식 수입 30일분 (증정 쇼핑백)
❤️구매링크👉  https://link.coupang.com/a/S3fkc

8위 : 국내배송 오쏘몰 이뮨 멀티비타민&미네랄 7입
❤️구매링크👉  https://link.coupang.com/a/S3flh

7위 : 오쏘몰 이뮨 드링크+정제 30일분 3개묶음 / 독일직배송 / 최신제조일자 / 현지 당일출고
❤️구매링크👉  https://link.coupang.com/a/S3fl1

6위 : [정품] 오쏘몰 이뮨 멀티비타민 30개입 1박스
❤️구매링크👉  https://link.coupang.com/a/S3fng

5위 : (국내배송) 오쏘몰 이뮨 멀티비타민&미네랄 14입 (2주분)
❤️구매링크👉  https://link.coupang.com/a/S3fol

4위 : 오르토몰 오쏘몰 이뮨 드링크+태블릿 30일 남녀공용
❤️구매링크👉  https://link.coupang.com/a/S3fps

3위 : 독일 프리미엄 멀티비타민 미네랄 오쏘몰 이뮨 30일분 면역기능 영양 균형 외국인선물 Germany Premium Multi Vitamin Mineral Orthomol Immun
❤️구매링크👉  https://link.coupang.com/a/S3fqa

2위 : 오쏘몰 바이탈 M 남성용 멀티비타민 액상형 + 타블렛
❤️구매링크👉  https://link.coupang.com/a/S3fq1

1위 : 오쏘몰 이뮨 프로 멀티비타민 분말 + 캡슐
❤️구매링크👉  https://link.coupang.com/a/S3frC


(AD) 쿠팡에서 소정의 수수료를 지급받을 수 있습니다.
 채널 운영을 위해 큰 도움이 됩니다. 
 감사합니다"
유튜브,최초공개! 한가인이 25년동안 꾸준히 챙겨먹은 영양제 (PPL 아님),"최초공개! 한가인이 25년동안 꾸준히 챙겨먹은 영양제 (PPL 아님) 안녕하세요 자유부인 한가인입니다
드디어 저의 건강기능식품 소개해드려요

보면서 많은 도움 받으셨으면 좋겠구요
꼭 본인 몸에 맞춰서 필요한 것들만 구매해서 드셨음 좋겠어요

그리고 지난번 욕실템 사태로 큰 깨달음을 얻었기 때문에
저는 이번에도 필요한 걸 미리 사뒀답니다

그럼 좋은 저녁 되세요 안녕

🧡구독자 분들에게 '발효 꽃송이버섯 효소'를 선물로 드립니다
- 참여 방법 : 영상을 끝까지 보신 후 자유롭게 댓글 남기기
- 이벤트 기간 : 11/13(수) ~ 11/19(화)
- 당첨자 발표 : 11/25(월)
- 당첨 인원 : 20명

#한가인 #한가인유튜브 #한가인영양제 #건강기능식품 #자유부인한가인"
유튜브,센스장인 되는 법🎁 | 5만원 이하  카카오톡 선물추천 10!! | 찐으로 반응 좋고 나도 받고 싶은 선물템 소개 | 바비브라운 오쏘몰 유즈 러쉬 서울번드 이첸도르프,"센스장인 되는 법🎁 | 5만원 이하  카카오톡 선물추천 10!! | 찐으로 반응 좋고 나도 받고 싶은 선물템 소개 | 바비브라운 오쏘몰 유즈 러쉬 서울번드 이첸도르프 #카톡선물 #쇼핑하울 #카카오톡선물하기 

구독과 좋아요는 큰 힘이되어요❤️😭

𝐂𝐨𝐧𝐭𝐚𝐜𝐭 freemom0925@gmail.com
𝐈𝐧𝐬𝐭𝐚𝐠𝐫𝐚𝐦 https://www.instagram.com/jabu__ya/


이 영상은 유즈의 부분광고를 포함하고 있습니다.


요즘 가장 많이 하는 선물이 뭐다?!💕
카카오톡~~ 선물하기 아니겠어요!!

연말 연초 명절 이사 생일선물까지
저도 제일 많이 쓰는게 카톡 선물인데
센스쟁이는 아무거나 선물 할 수 없죠!!🤭

저도 자주 선물하고 또 받았던 제품들
모아모아 소개해드려용~
이거 선물하면 진짜 센스 장인 된다규..❤️

그럼  재미난 쇼핑시간이 되길 바라면서
오늘도 보러와줘서 고마와요!

카톡 선물은.. 진짜 끝이 없으..
아차차~ 아래 이벤트도 많이 참여해주실꺼죠!?👉👈




🎀 EVENT
향기로운 나의 자랑이들을 위한 이벤트!!

👉유즈 솔리드 퍼퓸
https://bit.ly/3DqNm6P

▪기간 : 23. 2. 3(금) ~ 23. 2. 7(화) 5일간

▪방법 : 구좋댓알은 입아포..
   나에게 향수가 필요한 이유~ 갖고 싶은 이유를 
   간단히 댓글로 남겨주세요!!

▪발표 : 23. 2. 8(수) 모닝이 잠든.. 후..(꽤 늦을..수도)
    총 5분께 유즈 디어레드 고체향수를 드려요!



🎀 카톡 선물추천 10가지
0:00 인트로

01:15 유즈 솔리드 퍼퓸
https://bit.ly/3DqNm6P

05:17 바비브라운 립밤(베어멜론)
http://bit.ly/40rIOqr

06:30 러쉬 배쓰밤
http://bit.ly/40oABn3

07:58 이첸도르프 애니멀팜
http://bit.ly/3juUk3U

09:22 서울번드 버블컵
http://bit.ly/3X0L19u

10:30 오쏘몰이뮨 비타민
http://bit.ly/3WZQZro

11:53 제스파 손가락마사지기
http://bit.ly/3Rs1UsH

13:57 모래시계 액자
http://bit.ly/3YiNfSP

15:15 고디바 초코케이크
http://bit.ly/3jtQpo0

16:12 청도반건시
http://bit.ly/3HUaz3N



* 고화질(1080p)로 감상하는 건 어때요? 설정클릭!
* BGM ( https://www.epidemicsound.com)"
유튜브,집 앞🏠 올리브영에서 당장 살 수 있는 센스 만점 선물 추천,"집 앞🏠 올리브영에서 당장 살 수 있는 센스 만점 선물 추천 [💰할인 쿠폰 받는 법]
올리브영이 자신있게 추천하는 ""추석 선물 큐레이션"" 구경하고
매장에서 바로 사용 가능한 선착순 쿠폰을 받아보세요!

✅기간 : 9/15-9/30 매일 낮 12시
✅쿠폰 : 2천원/3천원/1만원 랜덤 발급 (ID당 1회 참여 가능)
※당일 수량 소진 시 발급 종료※

➡️바로 가기 https://url.kr/iepdj1

[EVENT]
오늘 소개해드린 선물 아이템 중
나에게 가장 필요하다! 싶은 상품과 그 이유를 댓글로 남겨주세요

✔️ 참여 방법 : 구독+좋아요+댓글 남기기
✔️ 참여 기간 : 09/15(금)~09/28(목)
✔️ 당첨자발표 : 10/06(금) 댓글 개별 발표
✔️ 당첨인원 : 8명
✔️ 경품
-오설록 그린티랑드샤&시그니처비스킷 (1명)
-오쏘몰 멀티비타민&미네랄 (1명)
-오센트 퍼퓸샤쉐 기획세트 (1명)
-라운드어라운드 유니버스 배쓰밤 기프트세트 (1명)
-피지오겔 DMT 디럭스 기프트세트 (1명)
-닥터지 블랙스네일 옴므 프레스티지 세트 (1명)

00:00 야간개장✨
00:39 [간식] 오설록 랑드샤&비스킷
02:52 [영양제] 오쏘몰
05:13 [방향제] 오센트 퍼퓸샤쉐
07:52 [배쓰밤] 라운드어라운드 기프트세트
10:16 [스킨케어] 피지오겔 DMT 기프트세트
12:37 [스킨케어] 닥터지 옴므 프레스티지 세트
14:51 ⚠️할인쿠폰 받는 법⚠️

※당첨 후 기한 내 회신X, 동일 주소지로 중복 응모 시 당첨이 취소될 수 있습니다
※당첨 및 경품 관련 문의사항은 cjoliveyoung@gmail.com으로 메일 보내주세요

#선물#추석#추천#할인쿠폰#올리브영#오쏘몰#피지오겔#배쓰밤#오센트#샤쉐#간식#오설록#닥터지#이벤트
-----------------------------------------------
*타인을 비방하거나 욕설, 비속어, 차별적 내용, 신체적 비하 등의 불쾌감을 줄 수 있는 댓글은 무통보 삭제될 수 있습니다.
*특정 브랜드에 대한 단순 비난, 허위 사실 유포, 브랜드의 판매 정책에 대한 비난 등의 댓글은 무통보 삭제될 수 있습니다.  
*유튜브 채널 운영의 방해 또는 정상적인 운영을 저해하는 댓글은 무통보 삭제될 수 있습니다.
*광고, 홍보 등의 댓글은 무통보 삭제될 수 있습니다."
유튜브,얼레벌레 개스레기요일 브이로그. 힘들때 오쏘몰 드세요 ^^,"얼레벌레 개스레기요일 브이로그. 힘들때 오쏘몰 드세요 ^^ 안녕하세요 오랜만에
회사에 출근했으니까 .. 저의 힘듬을 영상으로 담아 보았습니다..
근데 안담긴거 같어 .....
짧은 브이로그도 종종 올려볼께요 :)

----------
블로그 https://blog.naver.com/onorroff
인스타 https://www.instagram.com/onorroff

#브이로그 #독립일기 #자취생 #vlog"
유튜브,이런 영양제는 돈값합니다 (쏜리서치 영양제 추천 1탄),"이런 영양제는 돈값합니다 (쏜리서치 영양제 추천 1탄) 제가 평소에 쏜리서치 제품들을
정말 자주 추천드렸었는데요

그 중에서 돈값하는 제품만 골라봤습니다

제품을 고르실 때
가볍게 참고 정도 해주시면 좋을 것 같네요

건강한 영양제 생활을 응원합니다!
감사합니다!

#쏜리서치 #영양제추천"
유튜브,즉시효과보는 피로회복제는,즉시효과보는 피로회복제는 
유튜브,오쏘몰 멀티 비타민 이런 분이 드셔야 합니다 #shorts,오쏘몰 멀티 비타민 이런 분이 드셔야 합니다 #shorts 클로바더빙 (CLOVA Dubbing) AI 보이스가 사용되었습니다.
유튜브,피곤한 당신을 위한 비타민 추천 | 오쏘몰VS종근당 이뮨 비교 |  카톡 선물하기 추천 | 피로야 가라!,"피곤한 당신을 위한 비타민 추천 | 오쏘몰VS종근당 이뮨 비교 |  카톡 선물하기 추천 | 피로야 가라! 피곤한 당신을 위한 비타민 추천 

오쏘몰 이뮨(38,000)  vs 종근당 이뮨(23,800)


#카톡선물 #카카오톡선물하기 #비타민 #비타민추천 #이뮨 #오쏘몰 #종근당"
유튜브,#오쏘몰이뮨 #멀티비타민 비타민계의 에르메스 #선물 #언박싱 #shorts,#오쏘몰이뮨 #멀티비타민 비타민계의 에르메스 #선물 #언박싱 #shorts 
유튜브,오쏘몰과 비슷하게 생겼네? 선물로 받은 비타민 ㅎㅎ,오쏘몰과 비슷하게 생겼네? 선물로 받은 비타민 ㅎㅎ #비타민 #건강 #shorts
유튜브,이뮨 비타민 추천 판매 순위 #shorts,"이뮨 비타민 추천 판매 순위 #shorts 7위 오쏘몰 이뮨 멀티비타민 2박스

6위 이뮨 바이탈 샷 멀티비타민 30p + 쇼핑백 1개 600ml

5위 네이처셀렉 올인원 바이탈 이뮨 멀티비타민 앤 미네랄 3박스(3개월분) 30병

4위 GNM 올인원 이뮨 액상 종합비타민 / 비오틴 비타민D 아연 비타민C 비타민B 3박스 14병

3위 이뮨 바이탈 샷 멀티비타민 20ml 14개입

2위 GNM 올인원 이뮨 액상 종합비타민 / 비오틴 비타민D 아연 비타민C 비타민B 2박스 14병

1위 뉴트리디데이 시그니처 파이토 이뮨 멀티비타민 앤 미네랄 10p 10개입 1개

#비타민 #비타민추천 #이뮨비타민"
유튜브,피로회복으로좋은비타민..        오쏘몰이뮨멀티비타민미네랄먹고 감기도낫은것같다!효과있는 비타민제,피로회복으로좋은비타민..        오쏘몰이뮨멀티비타민미네랄먹고 감기도낫은것같다!효과있는 비타민제 
유튜브,명품 비타민 오쏘몰 비타민 c 주머니에 쏙👀 #shortreview #리뷰어답터,"명품 비타민 오쏘몰 비타민 c 주머니에 쏙👀 #shortreview #리뷰어답터 ‘비타민계 에르메스’ 오쏘몰의 포켓 버전 ✨
휴대용으로 챙겨 먹기 좋은 비타민c 데포!
@@하루 200원으로 건강 챙기쟈 💪
#영양제추천 #오쏘몰 #비타민c"
유튜브,명품 보충제 오쏘몰 이뮨 어떤가요??? 논란??,"명품 보충제 오쏘몰 이뮨 어떤가요??? 논란?? 오쏘몰 이뮨 성분을 살펴보면서 무엇이 좋은지 살펴봅시다

#오쏘몰#비타민#종합비타민

상담/문의 yulmootree6182@gmail.com"
유튜브,카톡 선물 추천! 이쏘몰 이뮨 멀티비타민&미네랄,"카톡 선물 추천! 이쏘몰 이뮨 멀티비타민&미네랄 카카오톡 선물하기 ""이쏘몰 이뮨 멀티비타민 & 미네랄"" 추천드려요!! 
https://blog.naver.com/ska_nam/223025811356"
유튜브,#비타민#오쏘몰이뮨#동아제약#비타민계 에르메스,#비타민#오쏘몰이뮨#동아제약#비타민계 에르메스 @donga_official
유튜브,오쏘몰 부담스러워서 못 먹는 사람?!  피곤해서 못 먹는다는 핑계는 용납 안됨 저렴이 찾아옴! 약국추천 저렴이 오쏘몰,오쏘몰 부담스러워서 못 먹는 사람?!  피곤해서 못 먹는다는 핑계는 용납 안됨 저렴이 찾아옴! 약국추천 저렴이 오쏘몰 
유튜브,#멀티비타민 #오쏘몰이뮨 #비타민,#멀티비타민 #오쏘몰이뮨 #비타민 
유튜브,오쏘몰이뮨 여러분이 찾는! 깔끔하게 정리했어요 추천 TOP10,"오쏘몰이뮨 여러분이 찾는! 깔끔하게 정리했어요 추천 TOP10 ❤️❤️❤️여러분이 찾는! 오쏘몰이뮨 깔끔하게 정리했어요❤️❤️❤️

[00:06]
10위. #독일 프리미엄 멀티비타민 미네랄 오쏘몰 이뮨 30일분 면역기능 영양 균형 외국인선물 Germany Premium Multi Vitamin Mineral Orthomol Immun, 30개입(1개월분)   [104,500원]
❤️구매링크👉https://link.coupang.com/a/UAKox

[00:11]
9위. #오쏘몰 이뮨 드링크+정제 30일분 3개묶음 / 독일직배송 / 최신제조일자 / 현지, 3박스, 30개입   [175,490원]
❤️구매링크👉https://link.coupang.com/a/UAKpv

[00:17]
8위. #Orthomol immun 오쏘몰 이뮨 과립형 30일분, 1개   [96,860원]
❤️구매링크👉https://link.coupang.com/a/UAKqh

[00:22]
7위. #오쏘몰 이뮨 멀티비타민 드링크+정제 30일 X 2개, 30일 2박스   [104,910원]
❤️구매링크👉https://link.coupang.com/a/UAKrq

[00:28]
6위. #오쏘몰 이뮨 30일 1+1 2박스 orthomol 독일 종합비타민(드링크+정제), 2개   [112,320원]
❤️구매링크👉https://link.coupang.com/a/UAKsJ

[00:33]
5위. #정품 오쏘몰 이뮨 최신 유통기한 당일 발송 공식 수입 30일분 (증정 쇼핑백), 30일분/1박스   [98,130원]
❤️구매링크👉https://link.coupang.com/a/UAKtL

[00:39]
4위. #오쏘몰 이뮨 멀티비타민, 2박스   [101,130원]
❤️구매링크👉https://link.coupang.com/a/UAKuK

[00:44]
3위. #오쏘몰 이뮨 30일 1박스 orthomol 독일 종합비타민(드링크+정제), 1개   [56,000원]
❤️구매링크👉https://link.coupang.com/a/UAKvF

[00:50]
2위. #오쏘몰 이뮨 멀티비타민, 30개입, 1개   [43,000원]
❤️구매링크👉https://link.coupang.com/a/UAKwR

[00:55]
1위. #오쏘몰 이뮨 20ml + 919mg x 30개입   [108,790원]
❤️구매링크👉https://link.coupang.com/a/UAKxI


❤️상품품절시 구매링크👉https://link.coupang.com/a/UAKkg




이 포스팅은 쿠팡파트너스 활동의 일환으로, 이에 따른 일정액의 수수료를 제공받습니다."
유튜브,#비타민 #오쏘몰이뮨 #멀티비타민&미네랄 #명품비타민 #누네띠네 #모닝비타민,#비타민 #오쏘몰이뮨 #멀티비타민&미네랄 #명품비타민 #누네띠네 #모닝비타민 
유튜브,요즘 가장 잘팔리는 오쏘몰이뮨 핫템 Top5 추천 리뷰 #shorts,"요즘 가장 잘팔리는 오쏘몰이뮨 핫템 Top5 추천 리뷰 #shorts 요즘 가장 잘팔리는 오쏘몰이뮨 핫템 Top5 추천 리뷰

1위. 오쏘몰 이뮨 멀티비타민 & 미네랄 20ml + 919mg 독일비타민, 7개입, 1개 [34,900원]
제품 바로가기 - https://tinyurl.com/2nxujhfa

2위. 오쏘몰 이뮨 멀티비타민, 1개 [46,130원]
제품 바로가기 - https://tinyurl.com/2lppfs7p

3위. 오쏘몰 이뮨 드링크+정제 30일분 3개묶음 / 독일직배송 / 최신제조일자 / 현지, 3개, 30개입 [204,760원]
제품 바로가기 - https://tinyurl.com/2fos939q

4위. 오쏘몰 이뮨 멀티비타민 드링크+정제 30일 X 2개, 30일 2박스, 2박스 [124,960원]
제품 바로가기 - https://tinyurl.com/2l56exkg

5위. 미소시장 공식수입품 오쏘몰 이뮨 명품비타민 연애인비타민 30일분 최신 유통기한 24.01.20까지 증정(오쏘몰이뮨 1일분 + 쇼핑백), 1세트 [146,000원]
제품 바로가기 - https://tinyurl.com/2zlt6m5d

*해당 영상의 제품은 구매 시점에 따라 약간의 가격변동이 있을 수 있습니다.
*본 영상은 쿠팡 파트너스 활동의 일환으로 그에 따른 일정의 수수료가 지급될 수 있으며, 수익금은 좀더 알찬 채널 운영을 위해 사용됩니다."
