브랜드,기간,검색관심도(상대값)
오쏘몰,2025-08-24,80
아임비타,2025-08-24,0
센트룸,2025-08-24,31
고려은단,2025-08-24,61
오쏘몰,2025-08-31,48
아임비타,2025-08-31,18
센트룸,2025-08-31,37
고려은단,2025-08-31,55
오쏘몰,2025-09-07,58
아임비타,2025-09-07,26
센트룸,2025-09-07,25
고려은단,2025-09-07,61
오쏘몰,2025-09-14,57
아임비타,2025-09-14,20
센트룸,2025-09-14,36
고려은단,2025-09-14,89
오쏘몰,2025-09-21,50
아임비타,2025-09-21,22
센트룸,2025-09-21,39
고려은단,2025-09-21,100
오쏘몰,2025-09-28,60
아임비타,2025-09-28,18
센트룸,2025-09-28,25
고려은단,2025-09-28,57
오쏘몰,2025-10-05,49
아임비타,2025-10-05,0
센트룸,2025-10-05,37
고려은단,2025-10-05,76
오쏘몰,2025-10-12,48
아임비타,2025-10-12,21
센트룸,2025-10-12,23
고려은단,2025-10-12,59
오쏘몰,2025-10-19,57
아임비타,2025-10-19,0
센트룸,2025-10-19,42
고려은단,2025-10-19,54
오쏘몰,2025-10-26,38
아임비타,2025-10-26,26
센트룸,2025-10-26,33
고려은단,2025-10-26,65
오쏘몰,2025-11-02,65
아임비타,2025-11-02,17
센트룸,2025-11-02,52
고려은단,2025-11-02,83
오쏘몰,2025-11-09,48
아임비타,2025-11-09,22
센트룸,2025-11-09,22
고려은단,2025-11-09,88
오쏘몰,2025-11-16,48
아임비타,2025-11-16,27
센트룸,2025-11-16,38
고려은단,2025-11-16,77
오쏘몰,2025-11-23,43
아임비타,2025-11-23,0
센트룸,2025-11-23,35
고려은단,2025-11-23,76
오쏘몰,2025-11-30,67
아임비타,2025-11-30,30
센트룸,2025-11-30,42
고려은단,2025-11-30,84
오쏘몰,2025-12-07,65
아임비타,2025-12-07,25
센트룸,2025-12-07,34
고려은단,2025-12-07,66
오쏘몰,2025-12-14,58
아임비타,2025-12-14,19
센트룸,2025-12-14,24
고려은단,2025-12-14,64
오쏘몰,2025-12-21,54
아임비타,2025-12-21,0
센트룸,2025-12-21,31
고려은단,2025-12-21,55
오쏘몰,2025-12-28,57
아임비타,2025-12-28,33
센트룸,2025-12-28,33
고려은단,2025-12-28,56
오쏘몰,2026-01-04,48
아임비타,2026-01-04,22
센트룸,2026-01-04,34
고려은단,2026-01-04,64
오쏘몰,2026-01-11,48
아임비타,2026-01-11,28
센트룸,2026-01-11,27
고려은단,2026-01-11,59
오쏘몰,2026-01-18,45
아임비타,2026-01-18,30
센트룸,2026-01-18,26
고려은단,2026-01-18,71
오쏘몰,2026-01-25,53
아임비타,2026-01-25,19
센트룸,2026-01-25,20
고려은단,2026-01-25,72
오쏘몰,2026-02-01,58
아임비타,2026-02-01,19
센트룸,2026-02-01,36
고려은단,2026-02-01,59
오쏘몰,2026-02-08,49
아임비타,2026-02-08,31
센트룸,2026-02-08,45
고려은단,2026-02-08,70
오쏘몰,2026-02-15,53
아임비타,2026-02-15,18
센트룸,2026-02-15,38
고려은단,2026-02-15,70
오쏘몰,2026-02-22,62
아임비타,2026-02-22,33
센트룸,2026-02-22,50
고려은단,2026-02-22,93
오쏘몰,2026-03-01,42
아임비타,2026-03-01,19
센트룸,2026-03-01,33
고려은단,2026-03-01,82
오쏘몰,2026-03-08,38
아임비타,2026-03-08,18
센트룸,2026-03-08,25
고려은단,2026-03-08,90
오쏘몰,2026-03-15,63
아임비타,2026-03-15,27
센트룸,2026-03-15,31
고려은단,2026-03-15,72
오쏘몰,2026-03-22,60
아임비타,2026-03-22,0
센트룸,2026-03-22,45
고려은단,2026-03-22,95
오쏘몰,2026-03-29,34
아임비타,2026-03-29,28
센트룸,2026-03-29,49
고려은단,2026-03-29,86
오쏘몰,2026-04-05,59
아임비타,2026-04-05,16
센트룸,2026-04-05,29
고려은단,2026-04-05,94
오쏘몰,2026-04-12,66
아임비타,2026-04-12,24
센트룸,2026-04-12,52
고려은단,2026-04-12,74
오쏘몰,2026-04-19,45
아임비타,2026-04-19,23
센트룸,2026-04-19,30
고려은단,2026-04-19,71
오쏘몰,2026-04-26,47
아임비타,2026-04-26,24
센트룸,2026-04-26,43
고려은단,2026-04-26,84
오쏘몰,2026-05-03,66
아임비타,2026-05-03,29
센트룸,2026-05-03,33
고려은단,2026-05-03,79
오쏘몰,2026-05-10,68
아임비타,2026-05-10,24
센트룸,2026-05-10,41
고려은단,2026-05-10,59
오쏘몰,2026-05-17,41
아임비타,2026-05-17,21
센트룸,2026-05-17,39
고려은단,2026-05-17,70
오쏘몰,2026-05-24,30
아임비타,2026-05-24,22
센트룸,2026-05-24,22
고려은단,2026-05-24,69
오쏘몰,2026-05-31,38
아임비타,2026-05-31,21
센트룸,2026-05-31,33
고려은단,2026-05-31,62
오쏘몰,2026-06-07,44
아임비타,2026-06-07,27
센트룸,2026-06-07,45
고려은단,2026-06-07,58
오쏘몰,2026-06-14,35
아임비타,2026-06-14,21
센트룸,2026-06-14,42
고려은단,2026-06-14,60
오쏘몰,2026-06-21,49
아임비타,2026-06-21,22
센트룸,2026-06-21,35
고려은단,2026-06-21,57
오쏘몰,2026-06-28,38
아임비타,2026-06-28,22
센트룸,2026-06-28,40
고려은단,2026-06-28,76
오쏘몰,2026-07-05,38
아임비타,2026-07-05,0
센트룸,2026-07-05,41
고려은단,2026-07-05,77
오쏘몰,2026-07-12,42
아임비타,2026-07-12,0
센트룸,2026-07-12,30
고려은단,2026-07-12,53
오쏘몰,2026-07-19,30
아임비타,2026-07-19,0
센트룸,2026-07-19,38
고려은단,2026-07-19,44
오쏘몰,2026-07-26,37
아임비타,2026-07-26,19
센트룸,2026-07-26,26
고려은단,2026-07-26,43
오쏘몰,2026-08-02,43
아임비타,2026-08-02,16
센트룸,2026-08-02,26
고려은단,2026-08-02,84
오쏘몰,2026-08-09,29
아임비타,2026-08-09,20
센트룸,2026-08-09,32
고려은단,2026-08-09,81
오쏘몰,2026-08-16,24
아임비타,2026-08-16,16
센트룸,2026-08-16,23
고려은단,2026-08-16,52
오쏘몰,2026-08-23,31
아임비타,2026-08-23,18
센트룸,2026-08-23,24
고려은단,2026-08-23,56
