브랜드,채널,날짜,제목
오쏘몰,블로그,20260828,멀티비타민 오쏘몰 바이탈 M 7일분 4박스 + 1일분 2개 + 쇼핑백 총 30일....
오쏘몰,블로그,20260828,30대 직장인 필수템! 멀티비타민 오쏘몰 이뮨 N개월 솔직 후기
오쏘몰,블로그,20260828,"아직도 피곤하세요? 몰랐다가 손해 본 오쏘몰 이뮨, 왜 다들 이것만 ...."
오쏘몰,블로그,20260828,오쏘몰 이뮨 멀티비타민 30일분 직장인 위한 충분한 섭취 기간은 얼....
오쏘몰,블로그,20260828,동아제약 오쏘몰 이뮨 멀티비타민 초보자에게 유용한 선택 전 체크 ....
오쏘몰,블로그,20260827,"오쏘몰 이뮨 7일분 바이탈F 후기, 솔직히 피로 회복에 얼마나 도움될...."
오쏘몰,블로그,20260827,멀티비타민 오쏘몰 이뮨 60일분 써보니 면역력 챙기기 딱 좋아요
오쏘몰,블로그,20260827,오쏘몰 이뮨 멀티 비타민 7일 세트 일상 활력과 포장 구성 고민 해결....
오쏘몰,블로그,20260827,"멀티비타민 오쏘몰 이뮨 30일분 후기, 선물로도 강추!"
오쏘몰,블로그,20260827,명절을 맞아 부모님께 드리는 오쏘몰 이뮨 건강 선물
오쏘몰,블로그,20260827,"오쏘몰 이뮨 30일분 + 바이탈M 7일분, 남성 활력까지 챙기는 프리미엄...."
오쏘몰,블로그,20260827,오쏘몰 이뮨 추석 선물로 추천하는 이유/ 비타민으로 건강 챙기자
오쏘몰,블로그,20260827,&quot;알바생은 세일 때 이것부터 챙깁니다&quot; 직원도 몰래 챙기는 올리브....
오쏘몰,블로그,20260827,[동아제약 정품] 오쏘몰 이뮨 30일분 + 바이탈M 증정 특가! 추석선물....
오쏘몰,블로그,20260827,"오쏘몰 이뮨 명절 선물 세트, 센스있는 거래처/지인 선물 찾는다면 ...."
오쏘몰,블로그,20260827,오쏘몰이뮨으로 건강 챙기기 좋은 선택법
오쏘몰,블로그,20260827,&quot;김태희 영양제라고?&quot;..세븐틴·이하이가 입 모아 챙긴다는 비타민은....
오쏘몰,블로그,20260827,유통기한 넉넉한 오쏘몰 이뮨 30일분 써보고 건강 챙긴 후기
오쏘몰,블로그,20260827,오연서 약통 휴대용 알약케이스 영양제 비타민D 이뮨 오쏘몰 메가도....
오쏘몰,블로그,20260827,2026.08 양평 먹기행 1일차
오쏘몰,블로그,20260827,동아제약 오쏘몰 이뮨 비타민 선물용으로 적합한 초심자도 쉽게 접....
오쏘몰,블로그,20260827,오쏘몰 이뮨 멀티비타민 30일분 추천｜바쁜 40대 활력·영양관리 이....
오쏘몰,블로그,20260827,"동아제약 오쏘몰 바이탈 M, 지친 일상 활력 충전 체크리스트 후기"
오쏘몰,블로그,20260827,직장인 영양제 추천 오쏘몰 이뮨 가격부터 성분까지 총정리
오쏘몰,블로그,20260827,멀티비타민 오쏘몰 이뮨 30일분 + 바이탈 M7일분? 식품공학과가 뜯어....
오쏘몰,블로그,20260827,오쏘몰 멀티비타민으로 건강 지키기 추천 상품
오쏘몰,블로그,20260827,선물용으로 좋은 오쏘몰 이뮨 30일분 인기 이유 및 고르는 팁
오쏘몰,블로그,20260826,자취 필수 오쏘몰 이뮨 멀티비타민 미네랄 기본으로 쓰기 좋은 제품
오쏘몰,블로그,20260826,오쏘몰이뮨 버리고 정착한 직장인 영양제 프레스샷F 솔직 후기
오쏘몰,블로그,20260826,오쏘몰 이뮨 30일분으로 건강한 일상 만들기
오쏘몰,블로그,20260826,"바쁜 일상 영양 관리, 오쏘몰 바이탈 M 30일분 구매 전 체크포인트"
오쏘몰,블로그,20260826,오쏘몰 이뮨 멀티비타민 30일분 휴대와 보관이 간편해 고민 줄여주....
오쏘몰,블로그,20260826,바쁜 일상 영양 보충을 위한 오쏘몰 이뮨샷 고르는 법
오쏘몰,블로그,20260826,"피로에 지친 당신을 위한 오쏘몰 비타민 14일분 선물, 활력을 되찾는...."
오쏘몰,블로그,20260826,"피로에 파묻힌 우리에게 필요한 생존템 멀티비타민, 오쏘몰 이뮨 후...."
오쏘몰,블로그,20260826,오쏘몰 바이탈 F 30일분 멀티비타민 아이 성장 영양 챙길 때 꼭 알아....
오쏘몰,블로그,20260826,"오쏘몰 이뮨 멀티비타민, 바쁜 아침에도 챙기기 쉬운 액상+정제 30일...."
오쏘몰,블로그,20260826,"호주 시드니 신혼여행 Day.2-싱글오커피, 패디스마켓, 블루마운틴, 페...."
오쏘몰,블로그,20260826,"오쏘몰 바이탈 M 30일분 풀세트, 내돈내산 2주 차 달라진 아침 활력"
오쏘몰,블로그,20260826,오쏘몰 이뮨 멀티비타민으로 일상 속 피로와 불편함을 줄이고 건강....
오쏘몰,블로그,20260826,오쏘몰 이뮨 비타민 30일분은 1인 가구가 건강 챙기며 충분히 오래 ....
오쏘몰,블로그,20260826,"오쏘몰 이뮨 30일분 구성과 먹는 법, 선물용 멀티비타민 추천"
오쏘몰,블로그,20260826,독일 오쏘몰 이뮨 활력 충전 위한 프리미엄 멀티비타민
오쏘몰,블로그,20260826,"멀티비타민 오쏘몰 이뮨 ODP, 간편하게 활력 충전!"
오쏘몰,블로그,20260826,바쁜 직장인 영양 보충 고르는 법 오쏘몰 이뮨 30일분 + 바이탈M 7일....
오쏘몰,블로그,20260826,"오쏘몰 이뮨 한 달 복용 후기, 꾸준히 챙겨 먹어본 솔직 리뷰"
오쏘몰,블로그,20260825,LA 9박 10일 갔다왔는데요
오쏘몰,블로그,20260825,오쏘몰 바이탈 M 30일분 패키지 유통기한 27년 1월 특가 구성 솔직 정....
오쏘몰,블로그,20260825,슈퍼적립 네이버 단독 이뮨 7일분 증정 + 오쏘몰 바이탈 커플세트 이....
오쏘몰,블로그,20260825,그 thㅜㄴ간이였어요...! 그 thㅜㄴ간!!!! (부제 채맹고의 달콤함을 응....
오쏘몰,블로그,20260825,마시는 비타민 1위 오쏘몰 이뮨 30일분 솔직후기 (바이탈M 7일분+쇼핑....
오쏘몰,블로그,20260825,"선물 추천 오쏘몰, 이뮨과 바이탈 어떤 게 나을까?"
오쏘몰,블로그,20260825,오쏘몰 바이탈 F 멀티비타민 30일분으로 혼자 사는 건강 관리 얼마나....
오쏘몰,블로그,20260825,오쏘몰 바이탈 M 30일분 7일분 4박스+1일분 2개 남성용 멀티비타민 구....
오쏘몰,블로그,20260825,활력 치트키 등장! 오쏘몰 이뮨 7일분 바이탈F 패키지 솔직 정리
오쏘몰,블로그,20260825,오쏘몰 이뮨 비타민 30일분은 1인 가구의 건강 관리와 간편함을 돕는....
오쏘몰,블로그,20260825,오쏘몰 이뮨 멀티비타민 30일분 할인 혜택 확인하기
오쏘몰,블로그,20260825,"멀티비타민 오쏘몰 이뮨 종류 비교｜오리지널·바이탈 F·바이탈 M, ...."
오쏘몰,블로그,20260825,오쏘몰 이뮨 멀티비타민 액상 비타민 선물 추천 ❣️
오쏘몰,블로그,20260825,30대 직장인 필수템! 오쏘몰 이뮨 7일분 2박스 솔직 후기 (내돈내산)
오쏘몰,블로그,20260825,오쏘몰 이뮨 30일분 바이탈M 7일분 패키지 가격 스펙과 남성 맞춤 비....
오쏘몰,블로그,20260825,50대 여성 영양제 추천 | 오쏘몰 바이탈 F 내돈내산 한 달 섭취 찐후....
오쏘몰,블로그,20260825,멀티비타민 오쏘몰 이뮨샷 써보니 60일치 든든해요
오쏘몰,블로그,20260825,"종합비타민 비교｜센트룸·오쏘몰·얼라이브, 뭐가 다를까?"
오쏘몰,블로그,20260825,리즈랩 바이알 이뮨 플러스 멀티비타민 내돈내산 재구매 후기｜오....
오쏘몰,블로그,20260825,멀티비타민 오쏘몰 이뮨 30일분 + 바이탈M 7일분 + 쇼핑백 증정 이뮨....
오쏘몰,블로그,20260825,오쏘몰 이뮨 내돈내산 사용후기 피로회복에 좋은 비타민효과
오쏘몰,블로그,20260825,"빈틈없이 꽉 채운 에너지, 선물용으로 완벽한 안심 멀티비타민 오쏘...."
오쏘몰,블로그,20260825,"오쏘몰 이뮨 30일분 선물용 패키지, 바이탈M 7일분 증정과 쇼핑백 혜...."
오쏘몰,블로그,20260824,멀티비타민 오쏘몰 이뮨 60일분 써보고 느낀 건강 챙김 후기
오쏘몰,블로그,20260824,오쏘몰 이뮨 멀티비타민 30일분 액상 비타민 바쁜 직장인 섭취 후기
오쏘몰,블로그,20260824,멀티비타민 오쏘몰 이뮨 30일분 + 바이탈M 7일분 + 쇼핑백 증정 이뮨....
오쏘몰,블로그,20260824,오쏘몰 멀티비타민으로 건강 챙기기 쉽고 좋아요
오쏘몰,블로그,20260824,유명한 오쏘몰 대신 이거 드세요! 39년 차 약사가 정리해 주는 나에....
오쏘몰,블로그,20260824,유명한 오쏘몰 대신 이거 드세요! 39년 차 약사가 정리해 주는 내 몸....
오쏘몰,블로그,20260824,오쏘몰 이뮨 30일분 + 바이탈M 7일분 멀티비타민 구성과 구매포인트 ....
오쏘몰,블로그,20260824,"동아제약 오쏘몰 이뮨 멀티비타민 30일분, 활력 찾는 법 후기"
오쏘몰,블로그,20260824,오쏘몰 바이탈 F 멀티비타민 30일분 합리적 가격에 장기간 건강 관리....
오쏘몰,블로그,20260824,오쏘몰 이뮨 멀티비타민 30일분 건강기능식품 오래 챙기는 법과 선....
오쏘몰,블로그,20260824,"오쏘몰 이뮨 30일분, 피로 곰 쫓아낸 비타민계의 에르메스 찐후기"
오쏘몰,블로그,20260824,오쏘몰 이뮨 멀티비타민 선물용 선택 시 꼭 확인해야 하는 핵심 조....
오쏘몰,블로그,20260824,동아제약 멀티비타민 오쏘몰 이뮨 60일분 세트 작고 좁은 공간에서 ....
오쏘몰,블로그,20260824,비타민계의 에르메스! 오쏘몰 이뮨 멀티비타민 7개입
오쏘몰,블로그,20260824,오쏘몰 이뮨 멀티비타민 30일분 가성비와 구성별 특징 비교 분석
오쏘몰,블로그,20260823,"피로회복에 좋은 영양제를 찾는다면, 멀티 비타민 오쏘몰 이뮨 30일...."
오쏘몰,블로그,20260823,"육아맘&amp;워킹맘 추천, 멀티비타민 오쏘몰 바이탈 에프"
오쏘몰,블로그,20260823,동아제약 멀티비타민 오쏘몰 이뮨 편리한 보관과 공간 절약이 필요....
오쏘몰,블로그,20260823,추석 선물 추천 | 오쏘몰 이뮨·아일로 콜라겐 비오틴 앰플 직접 먹....
오쏘몰,블로그,20260823,아침 기상이 달라지는 컨디션 관리 멀티비타민 오쏘몰 이뮨
오쏘몰,블로그,20260823,오쏘몰과 함께하는 건강한 하루를 시작하세요
오쏘몰,블로그,20260823,"매일 아침 눈이 번쩍 뜨이는 생기 가득 루틴, 오쏘몰 멀티비타민 7일...."
오쏘몰,블로그,20260823,고함량 멀티비타민 고르는 방법 : 비타민B군 4000% 먹어본 후기
오쏘몰,블로그,20260823,오쏘몰 이뮨 멀티비타민 30일분 보관과 공간 문제를 고려한다면 어....
오쏘몰,블로그,20260823,2026년 8월 12일 예영투어 발리 후기
오쏘몰,블로그,20260823,동아제약 멀티비타민 오쏘몰 이뮨 짐 없이 간편하게 보관하는 방법....
오쏘몰,블로그,20260823,"바쁜 아침 물 없이 끝내는 활력 충전, 멀티비타민 오쏘몰 이뮨 ODP 구...."
오쏘몰,블로그,20260823,오쏘몰 이뮨 멀티비타민 30일분과 쇼핑백 구성 아이 건강과 일상에 ....
오쏘몰,블로그,20260823,오쏘몰 이뮨 멀티비타민 30일분 아이 건강 관리에 좋은 구성과 활용....
오쏘몰,블로그,20260823,동아제약 멀티비타민 오쏘몰 이뮨 건강 선물 고민할 때 주의해야 할....
오쏘몰,블로그,20260823,"오쏘몰 멀티비타민 추천, 간편하게 건강 챙기기"
오쏘몰,카페글,,"선물 추천 오쏘몰, 이뮨과 바이탈 어떤 게 나을까?"
오쏘몰,카페글,,비타민 메가도스 샷 이문 도착_
오쏘몰,카페글,,"비타민, 꾸준히 챙기는 법 오쏘몰 바이탈 M 30일분 구성 살펴봤어요"
오쏘몰,카페글,,오쏘몰 이뮨 멀티비타민 면역 건강기능식품 30일분 독일 영양제
오쏘몰,카페글,,액상 비타민 오쏘몰 섭취법 다들 어떻게 하세요.
오쏘몰,카페글,,"기숙사 아들을 위한 영양, 리뷰 8,000개 멀티비타민 오쏘몰 바이탈 M 4.91✨"
오쏘몰,카페글,,"오쏘몰 바이탈 M, 30일분 8만원대 유통기한 넉넉한 독일산 멀티비타민 후기"
오쏘몰,카페글,,오쏘몰 이뮨 30일치 7만원 초핫딜!
오쏘몰,카페글,,"[핫딜] [동아제약디몰]오쏘몰 바이탈 M 30일분 쇼핑백 증정 외(60,200원/무료)"
오쏘몰,카페글,,"비타민, 오쏘몰 바이탈M 30일분, 유통기한 넉넉한 구성에 8만원대 리뷰 7,518...."
오쏘몰,카페글,,오쏘몰 바이탈 남성과 여성 제품의 차이 비교 및 추천 요소
오쏘몰,카페글,,오쏘몰 비타민의 종류별 가격과 성분별 특장점을 정리했습니다
오쏘몰,카페글,,멀티비타민 오쏘몰 이뮨으로 건강 챙기기!
오쏘몰,카페글,,오쏘몰 영양제 매장
오쏘몰,카페글,,1일차... 열심히 영상만 만드느라...
오쏘몰,카페글,,"비타민 뭘로 할까 고민되면, 오쏘몰 바이탈M 30일분 구성 정리해봤어요"
오쏘몰,카페글,,멀티비타민 오쏘몰 30일분 바이탈M 구매 전 고민 끝에 선택했고 이뮨부스터
오쏘몰,카페글,,멀티비타민 오쏘몰 이뮨 30일분 + 바이탈M 7일분 + 쇼핑백 증정 이뮨샷 추천 ....
오쏘몰,카페글,,멀티비타민 오쏘몰 이뮨으로 건강 챙기기
오쏘몰,카페글,,멀티비타민 오쏘몰 이뮨 비타민 30일분 2박스 총 60일분 + 2일분 + 쇼핑백 이....
오쏘몰,카페글,,"비타민 추천, 오쏘몰 바이탈 M 30일 구성 (독일산) 1일 2천원대 챙기기"
오쏘몰,카페글,,액상비타민오쏘몰의 효능과 효과
오쏘몰,카페글,,흠뻑쇼 행복충전
오쏘몰,카페글,,"오쏘몰 이뮨 멀티비타민 뭐 쓰시나요, ODP 7포 알아봤어요"
오쏘몰,카페글,,"[오늘만 이 가격] 오쏘몰 바이탈F 83% 미친 할인 9,010원"
오쏘몰,카페글,,멀티비타민 오쏘몰 비타민 30일분 2박스 구매 전 고민 끝 선택성 공감
오쏘몰,카페글,,"멀티비타민 추천, 오쏘몰 바이탈 M 30일분 꼼꼼히 챙길 수 있을까?"
오쏘몰,카페글,,프로폴리스 챙기면서 갓생 살기 시작했음
오쏘몰,카페글,,건강식품 하나 먹다가 안먹었더니 지금 피곤해서 미치겠네요...;;;
오쏘몰,카페글,,"오쏘몰 이뮨 멀티비타민, 7포 구강 용해 파우더로 간편하게 활력 챙기는 법"
오쏘몰,카페글,,슈퍼적립 네이버 7일분 오쏘몰이뮨 바이탈 배송도 빠르고 효과도 기대 이상....
오쏘몰,카페글,,고3 영양제
오쏘몰,카페글,,유찬아~♡
오쏘몰,카페글,,글루콤 오쏘몰 가격과 성분 정리 직접 써보고 느낀 결정적 차이점
오쏘몰,카페글,,Orthomol Hair Intense 오쏘몰 헤어 영양제 &amp; 헤어 토닉
오쏘몰,카페글,,오쏘몰 ?옵티젠 이뮨? 둘중 뭘 선물줄까요?(학원선생님)
오쏘몰,카페글,,멀티비타민 오쏘몰 이뮨 30일분 + 바이탈M 7일분 + 쇼핑백 증정 이뮨샷 추천 ....
오쏘몰,카페글,,멀티비타민 오쏘몰 이뮨 비타민 30일분 2박스 총 60일분 + 2일분 + 쇼핑백 이....
오쏘몰,카페글,,"멀티비타민 오쏘몰 비타민 30일분, 체험하고 나서 왜 이걸 선택했나 확실한 ...."
오쏘몰,카페글,,오쏘몰 이뮨 7일과 30일 선택법과 복용 순서
오쏘몰,카페글,,오쏘몰 이뮨 멀티비타민 이거 먹어본 조원들 어때? 힘나?
오쏘몰,카페글,,[KT 내포점] 8월 한 달간! 폴드8/플립8 개통 고객 대상 경품 추첨 이벤트 (워치....
오쏘몰,카페글,,멀티비타민 오쏘몰 이뮨 비타민 30일분 2박스 총 60일분 + 2일분 + 쇼핑백 이....
오쏘몰,카페글,,글루콤 가격 싸게 사는법 (오쏘몰 비교)
오쏘몰,카페글,,[기업분석] 동아제약
오쏘몰,카페글,,멀티비타민 오쏘몰 이뮨 30일분 + 바이탈M 7일분 + 쇼핑백 증정 이뮨샷 스펙 ....
오쏘몰,카페글,,훈련소 반입 가능한가요?
오쏘몰,카페글,,오쏘몰 7입
오쏘몰,카페글,,오쏘몰 다 먹고 병에 남은거 킹받네요
오쏘몰,카페글,,비교 없이도 왜 이걸 골랐나 확실한 이유 슈퍼적립 네이버 7일분 오쏘몰 이....
오쏘몰,카페글,,"멀티비타민 오쏘몰 바이탈 M, 건강한 하루를 만들어줄 친구예요"
오쏘몰,카페글,,오쏘몰 이뮨 멀티 비타민 7일 선물 포장 간편하게 챙기기 좋더라구요
오쏘몰,카페글,,"면역력, 이젠 걱정 없어요! 멀티비타민 오쏘몰 이뮨 써보니"
오쏘몰,카페글,,"멀티비타민 오쏘몰 바이탈 M, 내 건강의 친구!"
오쏘몰,카페글,,멀티비타민 오쏘몰 이뮨으로 건강 지키기!
오쏘몰,카페글,,오쏘몰 이뮨 멀티비타민 7일 쿠팡 구매 정보
오쏘몰,카페글,,오쏘몰 이뮨 멀티비타민 선물 포장 7일 네이버 구매 정보
오쏘몰,카페글,,액상비타민오쏘몰 진짜 효과 체감되나요
오쏘몰,카페글,,"크로켓) 오쏘몰 비타민 독일내수용 30일 2박스 156,329원 / 무배"
오쏘몰,카페글,,"독일 오쏘몰 멀티비타민 액상 드링크 154,700원"
오쏘몰,카페글,,오쏘몰.이뮨 오래 복용해도 괜찮을까요
오쏘몰,카페글,,"롯데온) 독일 오쏘몰 멀티비타민 액상 드링크+알약 1+1 총60일 154,700원"
오쏘몰,카페글,,멀티비타민 매일 여러 개 챙기기 번거롭다면? 오쏘몰 이뮨 구성 비교해봤어....
오쏘몰,카페글,,오쏘몰.이뮨 꾸준히 먹어도 되는지요
오쏘몰,카페글,,"멀티비타민 뭐 고를지 고민이라면, 오쏘몰 바이탈 M 30일분 구성 알아봤어요"
오쏘몰,카페글,,알약이 힘들다면 오쏘몰 이뮨 액상 선물로 해결
오쏘몰,카페글,,활력 충전 끝판왕 오쏘몰 이뮨 30일7일 꿀조합으로 건강 챙기세요
오쏘몰,카페글,,[특가] [네이버쇼핑] 멀티비타민 오쏘몰 이뮨 30일분 바이탈M 7일분 쇼핑백 ....
오쏘몰,카페글,,오쏘몰
오쏘몰,카페글,,Orthomol Pro 6 &amp; Orthomol Pro Junior 오쏘몰 프로6 &amp; 오쏘몰 프로 주니어
오쏘몰,카페글,,오쏘몰 최고
오쏘몰,카페글,,"[11번가] 오쏘몰 이뮨 멀티비타민 30일분 x2박스 (148,550원)"
오쏘몰,카페글,,번아웃 탈출은 바로 이것! 오쏘몰 이뮨으로 되찾은 나만의 활력
오쏘몰,카페글,,오쏘몰이뮨 멀티비타민 성분부터 체크하기
오쏘몰,카페글,,"오쏘몰 바이탈 M 30일 체험, 활력 충전하고 달라진 일상 만나보세요"
오쏘몰,카페글,,요즘 운동할 때 필수인 스피루리나 효과 쩔어서 공유함
오쏘몰,카페글,,1일차. 인천=&gt;쿠알라(feat.샤먼)
오쏘몰,카페글,,"비타민 뭐 쓰시나요, 오쏘몰 바이탈 M 30일치 구성 알아봤어요"
오쏘몰,카페글,,오쏘몰이뮨 바이탈F 함께 고르는 이유는?
오쏘몰,카페글,,(유통기한 27년 1월) 멀티비타민 오쏘몰 바이탈 M 7일분 4박스 1일분 2개 쇼핑....
오쏘몰,카페글,,지친 나에게 활력 충전 오쏘몰 이뮨 30일7일 꿀조합으로 피로 안녕
오쏘몰,카페글,,"바쁜 당신, 오쏘몰 바이탈 M으로 30일 활력 충전 어때요"
오쏘몰,카페글,,오쏘몰 이뮨 멀티비타민 뭐가 다를까?오쏘몰 이뮨 멀티비타민 뭐가 다를까?
오쏘몰,카페글,,오쏘몰 이뮨 멀티비타민 선택 포인트
오쏘몰,카페글,,"기숙사 필수템, 리뷰 7,000개 멀티비타민 오쏘몰 바이탈 M 4.91✨"
오쏘몰,카페글,,요즘 컨디션 챙기기 고민이라면 눈길 가는 멀티비타민 구성 이야기
오쏘몰,카페글,,30일 꽉 채운 활력 오쏘몰 바이탈 M 7일분 4박스 쟁여두고 건강 챙기세요
오쏘몰,카페글,,"배송 빠르고 상태 굿, 리뷰 9.5만개 26% 할인"
오쏘몰,카페글,,피로엔 멀티비타민
오쏘몰,카페글,,오쏘몰 이뮨 꾸준히 먹어도 괜찮나요
오쏘몰,카페글,,이뮨 멀티비타민 어떤거 추천하세요?
오쏘몰,카페글,,올리브베러 오쏘몰 특가
오쏘몰,카페글,,오쏘몰 이뮨 멀티비타민 상품 정보 살펴보기
오쏘몰,카페글,,영양제 OEM 찾습니다.
오쏘몰,카페글,,오쏘몰.이뮨 꾸준히 복용해도 될까요
오쏘몰,카페글,,감기 2일째...
오쏘몰,카페글,,오쏘몰 이뮨 를 사야하는 이유!
오쏘몰,카페글,,오쏘몰 한달 8만원정도 사먹을 가치가 있나?
오쏘몰,카페글,,오쏘몰.이뮨 먹으면 면역 회복 될까요
오쏘몰,카페글,,오쏘몰 이뮨 멀티비타민 미네랄 영양제 정성예단
오쏘몰,뉴스,"Fri, 28 Aug 2026 10:02:00 +0900","고려은단, 8월 건강기능식품 브랜드평판 1위…KT&amp;G·유한양행 채권 뒤이..."
오쏘몰,뉴스,"Fri, 28 Aug 2026 08:34:00 +0900","고려은단, 건강기능식품 브랜드평판 8월 빅데이터 1위... KT&amp;G·유한양행..."
오쏘몰,뉴스,"Fri, 28 Aug 2026 08:28:00 +0900","고려은단, 8월 건기식 브랜드평판 1위 유지…KT&amp;G·유한양행 뒤이어"
오쏘몰,뉴스,"Fri, 28 Aug 2026 07:00:00 +0900",“휴가 다녀왔는데 왜 더 피곤하지?”…‘휴가 후유증’ 이기는 영양 관...
오쏘몰,뉴스,"Fri, 28 Aug 2026 06:54:00 +0900","건강기능식품 브랜드평판 8월 빅데이터 분석...1위 고려은단, 2위 KT&amp;G, 3..."
오쏘몰,뉴스,"Fri, 28 Aug 2026 05:54:00 +0900","[브랜드평판] 고려은단, 건강기능식품 8월 1위... KT&amp;G, 유한양행 뒤이어"
오쏘몰,뉴스,"Thu, 27 Aug 2026 17:36:00 +0900","1등 비타민 오쏘몰, ‘휴가 후유증’ 날린다"
오쏘몰,뉴스,"Thu, 27 Aug 2026 10:04:00 +0900",휴가 끝났는데 천근만근… 동아제약 ‘오쏘몰 이뮨’ 피로 싹~
오쏘몰,뉴스,"Wed, 26 Aug 2026 09:02:00 +0900",[창간 특집][동아쏘시오그룹] 동아제약 현금창출력 품고 '사업지주사' 전...
오쏘몰,뉴스,"Tue, 25 Aug 2026 14:36:00 +0900","동아제약 디몰, 추석 선물 수요 선점 나서…31일까지 얼리버드 할인"
오쏘몰,뉴스,"Tue, 25 Aug 2026 12:14:00 +0900","동아제약 디몰, '추석 얼리버드 프로모션' 진행한다"
오쏘몰,뉴스,"Tue, 25 Aug 2026 11:22:00 +0900","동아제약 '디몰', 명절 선물 '추석 얼리버드 프로모션' 진행"
오쏘몰,뉴스,"Tue, 25 Aug 2026 11:16:00 +0900","동아제약 디몰, 추석 얼리버드 프로모션 진행"
오쏘몰,뉴스,"Tue, 25 Aug 2026 10:38:00 +0900","동아제약 디몰, 추석 얼리버드 프로모션 진행"
오쏘몰,뉴스,"Tue, 25 Aug 2026 09:42:00 +0900","동아제약 디몰, 31일까지 추석 선물 사전판매…9월 본행사도 진행"
오쏘몰,뉴스,"Tue, 25 Aug 2026 09:28:00 +0900","동아제약, 디몰서 '추석 얼리버드' 진행"
오쏘몰,뉴스,"Tue, 25 Aug 2026 09:24:00 +0900","동아제약, 디몰 추석 기획전…명절 선물 사전 수요 겨냥"
오쏘몰,뉴스,"Tue, 25 Aug 2026 09:14:00 +0900","동아제약 디몰, 추석 얼리버드 프로모션 진행"
오쏘몰,뉴스,"Fri, 21 Aug 2026 13:24:00 +0900","[K-제약, 미래를 묻다] 동아쏘시오홀딩스-③ 다음 10년 무엇으로 성장할..."
오쏘몰,뉴스,"Tue, 18 Aug 2026 16:56:00 +0900","[K-제약, 미래를 묻다] 동아쏘시오홀딩스-① 13년 만에 다시 합친다"
오쏘몰,뉴스,"Thu, 13 Aug 2026 13:20:00 +0900",&quot;화장품부터 건기식까지&quot;…영토 넓히는 제약사들
오쏘몰,뉴스,"Thu, 13 Aug 2026 13:01:00 +0900",&quot;화장품부터 건기식까지&quot;…영토 넓히는 제약사들
오쏘몰,뉴스,"Wed, 12 Aug 2026 17:34:00 +0900","동아제약, '오쏘몰 이뮨 ODP' 올리브영 프로모션…21% 할인"
오쏘몰,뉴스,"Wed, 12 Aug 2026 17:12:00 +0900",‘박카스’ 다음은 이너뷰티?... 새 먹거리 찾는 동아제약
오쏘몰,뉴스,"Wed, 12 Aug 2026 14:24:00 +0900",동아제약 &quot;독일 프리미엄 멀티비타민 오쏘몰 최대 21% 할인가에 구입하...
오쏘몰,뉴스,"Wed, 12 Aug 2026 13:36:00 +0900",[민주 약국] 셀트리온·유한양행·동아제약
오쏘몰,뉴스,"Wed, 12 Aug 2026 10:46:00 +0900","&quot;1등 멀티비타민의 변신&quot;…동아제약 오쏘몰, 올리브영 '오특'으로 시장..."
오쏘몰,뉴스,"Wed, 12 Aug 2026 10:32:00 +0900","동아제약 ‘오쏘몰’, 올리브영 오특 참여"
오쏘몰,뉴스,"Wed, 12 Aug 2026 10:04:00 +0900","동아제약 오쏘몰, 올리브영 오특·온라인 기획전 동시 진행"
오쏘몰,뉴스,"Wed, 12 Aug 2026 09:30:00 +0900","동아제약, 멀티비타민 1위 '오쏘몰' 올리브영 오특 참여"
오쏘몰,뉴스,"Mon, 10 Aug 2026 18:08:00 +0900","CJ온스타일 실적 개선 '이상무', 이선영 '원플랫폼 전략'으로 CJENM 버팀..."
오쏘몰,뉴스,"Mon, 10 Aug 2026 11:14:00 +0900","동아쏘시오홀딩스, 13년 만에 동아제약 품는다…성장축 내재화"
오쏘몰,뉴스,"Mon, 10 Aug 2026 06:30:00 +0900","동아제약, 박카스부터 OTCㆍ화장품까지 전 사업부 고른 성장"
오쏘몰,뉴스,"Thu, 06 Aug 2026 14:32:00 +0900",프리미엄 비타민 경쟁 과열⋯선두 동아제약 '오쏘몰' 매출 주춤
오쏘몰,뉴스,"Mon, 03 Aug 2026 08:42:00 +0900",[동아쏘시오그룹 줌인] 순수지주 11년 접고 동아제약 품는다...부채비율...
오쏘몰,뉴스,"Mon, 03 Aug 2026 06:00:00 +0900","음료·유산균·치약까지…제약업계, '이중 구조 설계'에 빠졌다"
오쏘몰,뉴스,"Mon, 03 Aug 2026 06:00:00 +0900","'동아제약' 이름 남긴다…동아쏘시오홀딩스, 사명 변경 추진"
오쏘몰,뉴스,"Sat, 01 Aug 2026 09:32:00 +0900",실적 우려 털어낸 동아쏘시오홀딩스…박카스·K뷰티·물류 삼박자 성장
오쏘몰,뉴스,"Sat, 01 Aug 2026 07:54:00 +0900",“래쉬가드 47% 할인·여행비도 낮춘다”…휴가철 온라인몰 할인전
오쏘몰,뉴스,"Sat, 01 Aug 2026 07:10:00 +0900",[분석] 동아쏘시오 2분기 호실적… 하반기 관전포인트는 '동아제약'
오쏘몰,뉴스,"Sat, 01 Aug 2026 06:00:00 +0900","[경력채용] 동국제약, 동아제약, 대웅바이오, 부광약품, 건일제약"
오쏘몰,뉴스,"Sat, 01 Aug 2026 06:00:00 +0900",여름휴가 막판 수요 잡아라…국내여행부터 건강식품 기획전[주말e커머스...
오쏘몰,뉴스,"Fri, 31 Jul 2026 16:06:00 +0900","동아제약, 슬로우에이징 브랜드 ‘에블리’ 론칭…NMN 담은 이중제형 제..."
오쏘몰,뉴스,"Fri, 31 Jul 2026 13:30:00 +0900","비타민 제품 2026년 7월 브랜드평판...고려은단, 얼라이브, 종근당건강 ..."
오쏘몰,뉴스,"Fri, 31 Jul 2026 10:34:00 +0900","고려은단 비타민, 제품 브랜드평판 1위…얼라이브·종근당건강 뒤이어"
오쏘몰,뉴스,"Fri, 31 Jul 2026 08:52:00 +0900","고려은단, 7월 비타민 브랜드평판 1위…'얼라이브·종근당건강' 뒤따라"
오쏘몰,뉴스,"Fri, 31 Jul 2026 08:04:00 +0900","고려은단, 비타민 제품 브랜드평판 2026년 7월...1위"
오쏘몰,뉴스,"Fri, 31 Jul 2026 06:54:00 +0900","고려은단 1위 지켰다…얼라이브 273% 급등, 비타민 브랜드 판도 흔들었..."
오쏘몰,뉴스,"Fri, 31 Jul 2026 06:12:00 +0900","[브랜드평판] 고려은단, 비타민 제품 7월 1위···얼라이브·종근당건강..."
오쏘몰,뉴스,"Thu, 30 Jul 2026 14:16:00 +0900","동아제약, 면세점 통해 '오쏘몰' 건강관리 제품 라인업 확대"
오쏘몰,뉴스,"Thu, 30 Jul 2026 13:16:00 +0900",야외활동부터 모발 관리까지…휴가철 맞춘 오쏘몰 영양제 3종
오쏘몰,뉴스,"Thu, 30 Jul 2026 06:02:00 +0900","동아제약, 10년간 실적 2배↑…박카스·일반약 성장이 주효"
오쏘몰,뉴스,"Wed, 29 Jul 2026 18:12:00 +0900",휴가철 건강관리도 온라인 면세점서...비타민·스포츠 영양제 수요 증가
오쏘몰,뉴스,"Wed, 29 Jul 2026 14:46:00 +0900","동아제약 '템포', 국내 탐폰 1위 '롱런'···비결은 &quot;안전성과 신뢰&quot;"
오쏘몰,뉴스,"Wed, 29 Jul 2026 11:42:00 +0900","동아쏘시오그룹, 신약·바이오 투자로 '성장세' 이어갈까"
오쏘몰,뉴스,"Tue, 28 Jul 2026 14:48:00 +0900","동아쏘시오홀딩스, 2분기 매출 4124억원…사상 첫 4000억원 돌파"
오쏘몰,뉴스,"Tue, 28 Jul 2026 14:41:00 +0900","13년 만에 다시 품은 박카스…동아쏘시오, 사업지주사로 승부수"
오쏘몰,뉴스,"Tue, 28 Jul 2026 12:30:00 +0900","건강기능식품 2026년 7월 브랜드평판...유한양행, 고려은단, 일동제약 順"
오쏘몰,뉴스,"Tue, 28 Jul 2026 11:32:00 +0900","[기획] 동아쏘시오홀딩스, '박카스' 품고…미래 성장 승부수"
오쏘몰,뉴스,"Tue, 28 Jul 2026 10:14:00 +0900","동아쏘시오, 박카스·오쏘몰로 번 '현금' 자회사에 직접 수혈"
오쏘몰,뉴스,"Tue, 28 Jul 2026 09:10:00 +0900",[빅데이터투데이] 건강기능식품 2026년 7월 브랜드평판 랭킹... 1위 유한...
오쏘몰,뉴스,"Tue, 28 Jul 2026 08:54:00 +0900","유한양행, 7월 건강기능식품 브랜드평판 1위...'고려은단·일동제약' 순"
오쏘몰,뉴스,"Tue, 28 Jul 2026 07:00:00 +0900",유한양행 16.63% 상승…건기식 시장서 브랜드 영향력 확대
오쏘몰,뉴스,"Tue, 28 Jul 2026 06:04:00 +0900","[브랜드평판] 유한양행, 건강기능식품 7월 1위···고려은단·일동제약..."
오쏘몰,뉴스,"Mon, 27 Jul 2026 16:02:00 +0900","[위클리오늘] 동아제약, 동아ST(7.27)"
오쏘몰,뉴스,"Mon, 27 Jul 2026 15:38:00 +0900","제약업계, 악국 전용 압박스타킹 출시·코로나19 mRNA 백신 후보물질 임..."
오쏘몰,뉴스,"Mon, 27 Jul 2026 14:54:00 +0900","동아제약, ‘동아 썸머 위크’ 진행…포카리에서 가그린, 템포, 오쏘몰..."
오쏘몰,뉴스,"Mon, 27 Jul 2026 14:48:00 +0900","동아제약, 네이버 브랜드스토어 '동아 썸머 위크' 진행"
오쏘몰,뉴스,"Mon, 27 Jul 2026 10:42:00 +0900","동아제약·동아오츠카, 네이버 브랜드스토어서 통합 프로모션 '동아 썸..."
오쏘몰,뉴스,"Mon, 27 Jul 2026 10:40:00 +0900","[제약소식]동아제약, '동아 썸머 위크' 진행/동국제약, 악국 전용 압박..."
오쏘몰,뉴스,"Mon, 27 Jul 2026 10:12:00 +0900","동아제약, 네이버 브랜드스토어 통합 프로모션 전개"
오쏘몰,뉴스,"Mon, 27 Jul 2026 10:00:00 +0900","동아제약, 네이버 브랜드스토어서 '동아 썸머 위크' 진행"
오쏘몰,뉴스,"Mon, 27 Jul 2026 09:30:00 +0900","동아제약·동아오츠카, '동아 썸머 위크' 개최…대표 브랜드 한자리에"
오쏘몰,뉴스,"Mon, 27 Jul 2026 09:14:00 +0900","동아제약·동아오츠카, 네이버서 '동아 썸머 위크' 진행"
오쏘몰,뉴스,"Mon, 27 Jul 2026 08:22:00 +0900",[더벨][동아쏘시오홀딩스·동아제약 합병] 줄어든 현금에 투자여력 축소...
오쏘몰,뉴스,"Mon, 27 Jul 2026 07:06:00 +0900","동아쏘시오, 동아제약 품고 '직접 뛴다'…사업지주사로 변신"
오쏘몰,뉴스,"Mon, 27 Jul 2026 07:02:00 +0900",[더벨][동아쏘시오홀딩스·동아제약 합병] 94년 역사 잇는 그룹 지주사...
오쏘몰,뉴스,"Fri, 24 Jul 2026 13:32:00 +0900","동아쏘시오홀딩스, 100% 자회사 동아제약 흡수 합병 결정"
오쏘몰,뉴스,"Fri, 24 Jul 2026 08:40:00 +0900","[동아쏘시오 사업지주사 전환]①13년 만의 재결합…동아제약 현금, 그룹..."
오쏘몰,뉴스,"Fri, 24 Jul 2026 06:12:00 +0900","[HIT 포커스] 동아쏘시오는 왜, 13년 만에 동아제약 합병하나"
오쏘몰,뉴스,"Fri, 24 Jul 2026 06:06:00 +0900","[초점] 동아쏘시오, 동아제약 현금흐름 품고 '글로벌 도약' 조준"
오쏘몰,뉴스,"Thu, 23 Jul 2026 17:52:00 +0900","[N2 뷰] 동아쏘시오홀딩스, 동아제약 합병...‘조 단위 밸류업’ 엔진 가..."
오쏘몰,뉴스,"Sat, 18 Jul 2026 15:00:00 +0900","&quot;장마·무더위 잡고 휴가철 공략&quot;…제약업계, 여름 특수 정조준"
오쏘몰,뉴스,"Thu, 16 Jul 2026 14:56:00 +0900","[제약·바이오 트렌드] 케이엠제약, 대표이사 참여 10억 규모 3자배정 유..."
오쏘몰,뉴스,"Thu, 16 Jul 2026 10:14:00 +0900",제약업계 '디몰'서 여름 프로모션 진행·혈액종양내과 심포지엄 개최·...
오쏘몰,뉴스,"Thu, 16 Jul 2026 07:34:00 +0900","이마트, 태국산 식품 할인전→디몰, 여름건강 프로모션"
오쏘몰,뉴스,"Wed, 15 Jul 2026 15:14:00 +0900","동아제약 디몰, 초복 맞이 여름 건강 관리 기획전…오쏘몰·셀파렉스 등..."
오쏘몰,뉴스,"Wed, 15 Jul 2026 15:08:00 +0900","동아제약 디몰, 여름 건강 프로모션 진행..오쏘몰 등 할인"
오쏘몰,뉴스,"Wed, 15 Jul 2026 15:04:00 +0900","초복 맞은 동아제약 디몰, 여름 건강 프로모션 실시"
오쏘몰,뉴스,"Wed, 15 Jul 2026 14:54:00 +0900","동아제약 디몰, 초복 맞아 '여름 건강 프로모션'… 인기 헬스케어 브랜..."
오쏘몰,뉴스,"Mon, 13 Jul 2026 00:02:00 +0900","동아쏘시오, 박카스 신화 딛고 ‘바이오’ 진격 [제약 명가의 2막 ③]"
오쏘몰,뉴스,"Wed, 01 Jul 2026 06:01:00 +0900",휴대성·편의성 다 잡았다…입에서 바로 녹는 ‘오쏘몰 이뮨 ODP’
오쏘몰,뉴스,"Tue, 30 Jun 2026 15:20:00 +0900","멀티비타민도 '제형 경쟁'…오쏘몰, 구강용해 분말 승부수"
오쏘몰,뉴스,"Mon, 29 Jun 2026 18:14:00 +0900","오쏘몰, 구강용해 분말 제형 '이뮨 ODP' 출시…제형 혁신 이어간다"
오쏘몰,뉴스,"Mon, 29 Jun 2026 15:33:00 +0900","오쏘몰, 물 없이 먹는 분말형 ‘오쏘몰 이뮨 ODP’ 출시…멀티비타민 제..."
오쏘몰,뉴스,"Mon, 29 Jun 2026 14:54:00 +0900","오쏘몰, 구강용해 분말 'ODP' 출시…멀티비타민 새 기준 제시"
오쏘몰,뉴스,"Mon, 29 Jun 2026 13:48:00 +0900",&quot;분말형 '오쏘몰이뮨ODP'로 멀티비타민 새 기준 제시한다&quot;
오쏘몰,뉴스,"Fri, 26 Jun 2026 15:02:00 +0900","[창간기획: 미래를 설계하는 기업들] 동아제약, '박카스' 넘어 글로벌 헬..."
오쏘몰,뉴스,"Fri, 26 Jun 2026 12:26:00 +0900","건강기능식품 2026년 6월 브랜드평판...고려은단, 종근당건강, 유한양행..."
오쏘몰,뉴스,"Fri, 26 Jun 2026 09:42:00 +0900","[빅데이터투데이] 건강기능식품 6월 브랜드평판 랭킹... 1위 고려은단, ..."
아임비타,블로그,20260828,가성비 좋은 아임비타 멀티비타민 데일리 실속 있는 선택
아임비타,블로그,20260827,&lt;운동 필수템 I’m Vita 아임비타 비타아미노젤&gt;
아임비타,블로그,20260827,"[파격가] 락토핏 코어맥스 60포 5개++코어맥스, 30포, 1개 + 아임비타 ...."
아임비타,블로그,20260827,수험생비타민으로 수험생체력관리 온가족 간편하게 종근당건강 아....
아임비타,블로그,20260827,아임비타로 건강한 하루 시작! 추천 제품 모음
아임비타,블로그,20260827,아임비타로 건강한 하루 시작하기 추천 제품 총정리
아임비타,블로그,20260827,매일 챙겨먹기 좋은 종합비타민과 유산균 추천
아임비타,블로그,20260827,"[토스쇼핑 오늘특가]종근당건강 락토핏 코어맥스, 60포, 5개 +코어맥...."
아임비타,블로그,20260826,아임비타 멀티비타민 이뮨샷 7 내돈내산 후기｜직장인 수험생 비타....
아임비타,블로그,20260826,광고 아임비타 아미노젤
아임비타,블로그,20260826,운동 전 가볍게 한 포! 여름 운동 루틴에 챙기는 아임비타 비타 아미....
아임비타,블로그,20260826,조카 수능 100일 선물 수험생체력관리 종근당건강 아임비타 멀티비....
아임비타,블로그,20260826,비타500박스 구매 후 추천하는 건강한 하루 시작법
아임비타,블로그,20260826,재구매한 4000IU 아임비타 비타민 D 6g 6개 60정 장점 정리했어요
아임비타,블로그,20260826,3박 5일 인도네시아 마나도 :  첫날 토모혼 투어 코스 식당 (나시고랭....
아임비타,블로그,20260826,아임비타 멀티비타민 글루타치온샷 아르기닌샷 7입 솔직 후기 : 워....
아임비타,블로그,20260825,"수능 D-100 수험생 체력관리, 종근당건강 아임비타 멀티비타민 이뮨...."
아임비타,블로그,20260825,편의점 비타민 음료 비교｜비타500·오로나민C·구론산 성분 차이
아임비타,블로그,20260825,수험생 체력관리 우리집은 수험생비타민으로 종근당건강 아임비타 ....
아임비타,블로그,20260825,아임비타 멀티비타민 이뮨샷
아임비타,블로그,20260825,임신 준비 비타민D 추천! 임산부까지 먹는 아임비타 2000IU 내돈내산 ....
아임비타,블로그,20260825,아임비타 제품들로 건강 챙기기 딱 좋아요
아임비타,블로그,20260825,수험생체력관리 청소년 올인원 수험생비타민 선물 추천 종근당건강....
아임비타,블로그,20260825,종근당건강 아임비타 망고맛 액상 멀티비타민 28포 할인 확인하기
아임비타,블로그,20260825,아임비타 멀티비타민 데일리 후기｜하루 1정 비타민·미네랄 성분과....
아임비타,블로그,20260824,사용하기 쉬운 아임비타 멀티비타민 데일리팩 가볍게 활용 가능한
아임비타,블로그,20260824,수험생체력관리 수험생비타민 종근당건강 아임비타 멀티비타민이....
아임비타,블로그,20260824,수능 D-100 종근당건강 아임비타 멀티비타민 이뮨샷 수험생체력관리 ....
아임비타,블로그,20260824,"아임비타,비타구미,비타민제,멀티비타민젤리,비타민구미,어린이영...."
아임비타,블로그,20260824,다이소 멀티 비타민 부작용 복통 후기 (대웅제약 비타민B / 아임비타....
아임비타,블로그,20260824,오로나민c와 함께하는 활력 충전 비결 추천
아임비타,블로그,20260824,비타민C3000 구매 전 1포 함량과 섭취법 체크하기
아임비타,블로그,20260824,"대전 한화생명 볼파크 중앙탁자석 1층 아임비타존 100C 구역 19열 7, 8,...."
아임비타,블로그,20260823,"아임비타로 건강 챙기기, 믿고 먹는 추천 제품 모음"
아임비타,블로그,20260823,눈떨림·불면증·생리통 때문에 챙겨 먹는 종근당건강 &lt;아임비타 마....
아임비타,블로그,20260823,오쏘몰과 함께하는 건강한 하루를 시작하세요
아임비타,블로그,20260822,"아임비타 멀티비타민, 하루에 한 번으로 건강 챙기기"
아임비타,블로그,20260821,리뷰) 아임비타 비타 아미노젤
아임비타,블로그,20260821,추석 한가위프로모션 건강식품선물 종근당건강 헬스벨스토리양산....
아임비타,블로그,20260821,추석 한가위프로모션  아임비타멀티비타민DS 선물세트 종근당건강 ....
아임비타,블로그,20260821,하루 활력! 자양강장제 추천 리스트
아임비타,블로그,20260821,아임비타 멀티비타민 아르기닌샷 하루 한 포 간편한 영양관리
아임비타,블로그,20260821,"부모님 영양제 추천 종근당 아임비타 칼마디(칼슘, 마그네슘, 비타...."
아임비타,블로그,20260821,2026 종근당건강 패밀리세일 up to 76% 08.18(화) ~ 08.23(일)
아임비타,블로그,20260821,종근당건강(CKD) 30주년 패밀리세일 최대 81% OFF! 락토핏·아임비타·오....
아임비타,블로그,20260821,무더운 날 편의점에서 만드는 나만의 에너지 부스팅 루틴 ㅣ 아임비....
아임비타,블로그,20260821,아임비타 멀티비타민으로 건강 챙기기 좋은 선택
아임비타,블로그,20260820,피로 회복에 딱인 오로나민c와 추천 비타민 음료 모음
아임비타,블로그,20260820,행사 답례품 준비할 때 고민되는 포장과 배송 해결하기
아임비타,블로그,20260820,종근당건강 아임비타 멀티비타민 이뮨샷  솔직 후기
아임비타,블로그,20260820,아임비타 이뮨샷으로 활력 충전하는 비결 공개
아임비타,블로그,20260819,"[국내선/토스쇼핑] 종근당 건강 락토핏 골드, 2g, 50포, 6개 + 락토핏 ...."
아임비타,블로그,20260819,[패밀리세일]종근당건강 30주년 시크릿 패밀리세일 (8/18~/23)
아임비타,블로그,20260819,온 가족 건강 챙기기 끝판왕! 락토핏 골드 대용량 + 아임비타 비타민....
아임비타,블로그,20260819,"종근당건강 락토핏 골드 330포+비타민C, 52% 할인 59,514원"
아임비타,블로그,20260819,[내돈내산] ⭐️아임비타⭐️ 멀티비타민미네랄 올인원 후기｜하루....
아임비타,블로그,20260819,"수능 100일 전, 남은 건 수험생체력관리! 수험생비타민 멀티비타민 ...."
아임비타,블로그,20260819,편의점 제로슈가 비타민 음료 레모나 웰레몬 vs 종근당 아임비타
아임비타,블로그,20260819,경품] 비타민ㆍ비타민추천ㆍ아임비타 김우빈 사인폴라로이드 ♡
아임비타,블로그,20260819,수능 백일 전 수험생 체력관리 종근당건강 아임비타 멀티비타민 이....
아임비타,블로그,20260818,수능 D-100 수험생비타민 종근당건강 아임비타멀티비타민이뮨샷 수....
아임비타,블로그,20260818,수능 D-100 수험생 체력관리 핵심! 수험생비타민 종근당건강 아임비....
아임비타,블로그,20260818,수험생체력관리 시작은 수험생비타민 종근당건강 아임비타 멀티비....
아임비타,블로그,20260818,"지치는 수험생 체력 관리와 온 가족 건강 수험생 비타민, 하루 한 샷...."
아임비타,블로그,20260818,수능 100일전 수험생 체력관리 수험생비타민추천 종근당건강 아임비....
아임비타,블로그,20260818,수험생 건강관리에 좋은 수험생비타민 종근당건강 아임비타 멀티비....
아임비타,블로그,20260818,수험생체력관리 종근당건강 아임비타 멀티비타민 이뮨샷 수험생 비....
아임비타,블로그,20260818,수험생 체력관리 선물 수험생 비타민 종근당건강 아임비타 멀티비....
아임비타,블로그,20260818,수험생 체력관리 위한 수험생 비타민 종근당건강 아임비타 멀티비....
아임비타,블로그,20260818,"수험생 체력 관리, 수능 100일 전 종근당건강 수험생비타민 아임비타...."
아임비타,블로그,20260818,"종근당건강 프로메가 알티지 오메가3 듀얼S 5박스, 비타민C 증정 55% ...."
아임비타,블로그,20260818,아임비타 종근당건강 멀티비타민 이뮨샷 7
아임비타,블로그,20260818,"아임비타 비타민D 4000IU 6g, 1개, 60정 꿀템 발견 + 사용기"
아임비타,블로그,20260817,6개 묶음으로 챙기는 아임비타 멀티비타민 할인 구매 체크포인트
아임비타,블로그,20260817,[85패키지] 필드 간식 에너지바 단백질 포함 행사 답례품 아임 비타 ....
아임비타,블로그,20260817,[홈쇼핑 리뷰] 현대홈쇼핑 종근당건강 프로메가 rTG 오메가3 비타민D ....
아임비타,블로그,20260817,"아임비타로 건강 챙기기, 쉽고 간편하게 시작하세요"
아임비타,블로그,20260816,다이소 : 비타민 아임비타 멀티비타민 컴팩트 / 영양제 고르는 꿀팁
아임비타,블로그,20260815,보관하기 쉬운 아임비타 멀티비타민 미네랄 올인원 45-gram 무난하게 ....
아임비타,블로그,20260815,종근당건강 아임비타 망고맛 글루타치온샷 할인 구성과 섭취법 정....
아임비타,블로그,20260814,종근당 아임비타 솔직 피로회복 후기
아임비타,블로그,20260814,종근당 아임비타 멀티비타민 이뮨샷 후기
아임비타,블로그,20260813,종근당건강 아임비타 아미노젤 / 간편하게 챙기는 러닝템
아임비타,블로그,20260813,광고 아임비타
아임비타,블로그,20260813,[95패키지] 친환경 라운딩간식 골프 아임비타 멀티비타민 하루견과 ....
아임비타,블로그,20260813,종근당건강 아임비타 멀티비타민 비교 추천: 샷 프리미엄 vs 골드 차....
아임비타,블로그,20260813,"대전한화생명볼파크 중앙탁자석 24열 시야, 이글스파크 첫 방문 후...."
아임비타,블로그,20260813,[영양제추천] 아임비타 멀티비타민 글루타치온샷!!내돈내산 후기
아임비타,블로그,20260812,"아임비타 글루타치온샷 vs 아르기닌샷 차이, 성분·맛·가격 비교"
아임비타,블로그,20260811,"종근당건강 아임비타 멀티비타민 아르기닌샷 레몬맛, 바쁜 아침 간...."
아임비타,블로그,20260811,[내돈내산] 다이소 건기식 추천템 3종 솔직 후기! (대웅제약 닥터베....
아임비타,블로그,20260811,"[토스쇼핑] 종근당건강 락토핏 골드, 140포, 2개 + 증정 락토핏 골드, 3...."
아임비타,블로그,20260811,[할인] 직장인 활력 꿀템! 아임비타 멀티비타민 데일리 솔직 후기 (ft....
아임비타,블로그,20260811,매일 챙겨 먹는 영양제 고민이라면? 종근당건강 아임비타 멀티비타....
아임비타,블로그,20260810,"수능 D-100, 이제는 공부만큼 체력관리도 중요할 때-밸런스포텐시이...."
아임비타,블로그,20260810,카카오톡 선물하기 1만원대 가벼운 선물 생일선물 추천 영양제 내돈....
아임비타,블로그,20260810,"아임비타 종근당건강 멀티비타민 이뮨샷 7 164.36g, 7회분, 1개 베스트 ...."
아임비타,블로그,20260808,긍정적인 사람의 6월 일상모음.zip
아임비타,블로그,20260808,"~8.7., 나는 이불 속에서 좀 울었다. 왜냐하면 돈이 없어서"
아임비타,블로그,20260808,액상 글루타치온 궁금한 점이 있다면 아임비타 멀티비타민 글루타....
아임비타,카페글,,아임비타 ㅋㅋ
아임비타,카페글,,저도 아임비타 컵 왔어요ㅎㅎ
아임비타,카페글,,아임비타 변색잔
아임비타,카페글,,"아임비타 마그네슘, 꾸밈없는 솔직담백 구매후기"
아임비타,카페글,,"아임비타 면역비타민C 1000, 꾸밈없는 솔직담백 구매후기"
아임비타,카페글,,"아임비타 멀티비타민 데일리, 꾸밈없는 솔직담백 구매후기"
아임비타,카페글,,"아임비타 비타민D 4000IU, 꾸밈없는 솔직담백 구매후기"
아임비타,카페글,,"아임비타 종근당건강 멀티비타민 이뮨샷 7, 꾸밈없는 솔직담백 구매후기"
아임비타,카페글,,아임비타 컵주문하려는데...카카오 선물하기에 안뜨는데...
아임비타,카페글,,아임비타왔어요 컵이쁘네요
아임비타,카페글,,"[핫딜] [종근당건강몰]아임비타 멀티비타민 이뮨샷 50일분(61,760원/무료)"
아임비타,카페글,,카카오톡 아임비타 종류 많네용~^^한화컵증정
아임비타,카페글,,[8월 26일] 종근당건강몰 아임비타 이뮨샷 50일분 외 역대급 할인 안내
아임비타,카페글,,[8월 26일] 종근당건강몰 아임비타 이뮨샷 50일분 외 역대급 할인 정보
아임비타,카페글,,[8월 26일] 종근당건강몰 아임비타 이뮨샷 50일분 외 역대급 할인 혜택
아임비타,카페글,,아임비타 뇸
아임비타,카페글,,"아임비타 멀티비타민 아르기닌샷 14회분, 434g, 1개 강추 이유 / 안 사면 후회"
아임비타,카페글,,"아임비타 멀티비타민 아르기닌샷 14회분, 434g, 1개 솔직후기 + 안 사면 후회"
아임비타,카페글,,아임비타 충전
아임비타,카페글,,8/22(토) 중앙탁자석 1층 아임비타존 100A(T) 1좌석 티켓취소합니다(취소완료)
아임비타,카페글,,종근당건강 아임비타 복용 고민 5개 구성으로 해결하기
아임비타,카페글,,아임비타 이뮨샷 54개 7만원대
아임비타,카페글,,"종근당건강 프로메가 알티지 오메가3 듀얼S, 60캡슐, 5박스 + 증정 아임비타 ...."
아임비타,카페글,,32%할인 종근당 아임비타 칼슘 마그네슘 비타민D 2박스 19900원 이에요
아임비타,카페글,,비타민
아임비타,카페글,,아임비타 한포
아임비타,카페글,,아임비타 충전
아임비타,카페글,,아임비타
아임비타,카페글,,"카카페간식쿠폰) 버리려던 수박바, 메로나 반값 쿠폰, 이 정도면 엄청 잘 쓴...."
아임비타,카페글,,아임비타
아임비타,카페글,,여름방학특강 10일차⚽️
아임비타,카페글,,아임비타 멀티비타민 선택이 고민될 때 6개 구성 확인법
아임비타,카페글,,"롯데온) 아임비타 비타민D2000IU 3박스(6개월분) 19,090원"
아임비타,카페글,,종근당 아임비타 제품군 비교 및 구매 시 유용한 팁
아임비타,카페글,,Day11 아임비타 멀티비타민
아임비타,카페글,,"[오늘만 이 가격] 종근당 아임비타 멀티비타민 정품 60%대특가 9,900원"
아임비타,카페글,,종근당건강 락토핏 골드 140포 2개 + 락토핏 골드 30포 + 아임비타 면역비타민....
아임비타,카페글,,종근당 락토핏 골드 할인해요 140포 2개 + 락토핏 골드 30포 + 아임비타 30포 51....
아임비타,카페글,,아임비타의 가격을 온라인과 약국에서 비교하여 정리합니다
아임비타,카페글,,"⏰[오늘만 하루특가] 종근당건강 아임비타 멀티비타민 데일리, 850mg, 60정, 1...."
아임비타,카페글,,"⏰[오늘만 하루특가] 종근당건강 락토핏 골드, 140포, 2개 + 증정 락토핏 골드...."
아임비타,카페글,,"[오늘만 이 가격] 종근당 아임비타 멀티비타민 데일리 850mg 60정 60%할인 9,900...."
아임비타,카페글,,Day10 아임비타 멀티비타민
아임비타,카페글,,아임비타
아임비타,카페글,,힘내봐요 비타민
아임비타,카페글,,아임비타 멀티비타민 이뮨플러스
아임비타,카페글,,Day9 아임비타 멀티비타민
아임비타,카페글,,아임비타 새거 꺼내요
아임비타,카페글,,매일매일 활력 충전! 종근당건강 멀티비타민 솔직 후기
아임비타,카페글,,병점축구교실.병점축구클럽.병점유소년축구.병점축구레슨.병점TNP (금요일2....
아임비타,카페글,,종근당건강 아임비타 멀티비타민 미네랄 올인원 가격과 효능 효과 후기까....
아임비타,카페글,,세교축구교실.세교축구클럽.세교유소년축구.세교축구레슨.TNP축구클럽 (U12....
아임비타,카페글,,아임비타 먹어용
아임비타,카페글,,Day8 아임비타 멀티비타민
아임비타,카페글,,[핫딜] 종근당 아임비타 멀티비타민 30정 x 3박스
아임비타,카페글,,오산축구교실.오산축구클럽.오산유소년축구.오산축구레슨.오산유치부축구....
아임비타,카페글,,종근당건강 아임비타 멀티비타민 미네랄 올인원 효능 효과 58% 특가 가격 후....
아임비타,카페글,,종근당건강 아임비타 멀티비타민 미네랄 올인원 어떤 효과인지 58%특가 가....
아임비타,카페글,,"아임비타 종근당건강 멀티비타민 이뮨샷 7 164.36g, 7회분, 1개 솔직후기 + 안 ...."
아임비타,카페글,,아임비타 선물받앗어요
아임비타,카페글,,아임비타
아임비타,카페글,,Day7 아임비타 멀티비타민
아임비타,카페글,,"아임비타 종근당건강 멀티비타민 이뮨샷 7 164.36g, 7회분, 2개 24,120원"
아임비타,카페글,,아임비타 냠
아임비타,카페글,,피곤할땐 비타킥 마시면서 에너지 충전!
아임비타,카페글,,"아임비타 멀티비타민미네랄 올인원 3박스, 오래 고민할수록 선택하게 되는 ...."
아임비타,카페글,,"아임비타 멀티비타민미네랄 올인원 3박스, 하루 한 번으로 3개월 건강 루틴...."
아임비타,카페글,,아임비타 종근당건강 멀티비타민 이뮨샷 7 164.36g 상품 할인 코드 알아보기
아임비타,카페글,,아임비타 종근당건강 멀티비타민 이뮨샷 7 164.36g 상품 정보 살펴보기
아임비타,카페글,,Day6 아임비타 멀티비타민
아임비타,카페글,,아임비타 이뮨 샷 후기와 추천하는 최적의 복용 타이밍
아임비타,카페글,,다이소약
아임비타,카페글,,건강기능식품 제품 공급처 찾습니다.
아임비타,카페글,,Day5 아임비타 멀티비타민
아임비타,카페글,,DAY-4 아임비타 멀티비타민
아임비타,카페글,,DAY-3 아임비타 멀티비타민
아임비타,카페글,,코스트코 청라점 아임비타 비타민젤리
아임비타,카페글,,아임비타
아임비타,카페글,,DAY-2 아임비타 멀티비타민
아임비타,카페글,,아임비타 멀티비타민 올인원 1박스 (30일분)
아임비타,카페글,,아임비타 칼슘 마그네슘 비타민D 1박스 (60일분)
아임비타,카페글,,DAY-1 아임비타 멀티비타민
아임비타,카페글,,7/23 공세점 후기
아임비타,카페글,,✨ 요즘 제 가방 필수템이 생겼어요! ✨
아임비타,카페글,,아임비타 마시구
아임비타,카페글,,아임비타 칼슘 마그네슘 비타민D 43%
아임비타,카페글,,종근당건강 아임비타이뮨샷?
아임비타,카페글,,아임비타 한포
아임비타,카페글,,아임비타 충전
아임비타,카페글,,오늘 만보 완성
아임비타,카페글,,"에누리) 종근당건강 아임비타 멀티비타민 6개월분 33,490원 (무배+E머니적립)"
아임비타,카페글,,아임비타 서포터즈 2기 모집(~7/20)
아임비타,카페글,,7월14일 의정부점
아임비타,카페글,,"여행할 때, 아임비타 멀티비타민 좋아요!"
아임비타,카페글,,아임비타 한포
아임비타,카페글,,[종근당건강] 아임비타 비타 아미노젤 서포터즈 2기 모집(~7/20)
아임비타,카페글,,"코스트코 식품 할인 행사~(신상)아임비타젤리,소바바,궁도가니탕,쇼비뇽블...."
아임비타,카페글,,아임비타 고고
아임비타,카페글,,"롯데온) 아임비타 비타민D2000IU 3박스(6개월분) 19,090원"
아임비타,카페글,,중3이의 시험기간 컨디션조절
아임비타,뉴스,"Tue, 25 Aug 2026 15:39:00 +0900",1300억 투자 종근당건강 당진공장 가동률 58%…추가 물량 확보 과제
아임비타,뉴스,"Tue, 25 Aug 2026 10:26:00 +0900","장유빈, KPGA 투어 하반기에도 이어가는 ‘제네시스 포인트 1위’ [KPGA]"
아임비타,뉴스,"Mon, 24 Aug 2026 16:28:00 +0900","장유빈, 제네시스 포인트 선두 수성...최찬, 526.03포인트 차 추격"
아임비타,뉴스,"Sun, 23 Aug 2026 18:50:00 +0900","36년 만의 대기록 놓쳤지만…최찬, 동아회원권 오픈서 31개홀 강행군 끝..."
아임비타,뉴스,"Sun, 23 Aug 2026 07:15:00 +0900","&quot;운동은 힘들고, 회복은 해야&quot;…MZ ‘리커버리’ 소비 뜬다"
아임비타,뉴스,"Fri, 21 Aug 2026 09:10:00 +0900","'건강관리' 트렌드 속 유통업계, 건기식으로 영토확장 '속도'"
아임비타,뉴스,"Thu, 20 Aug 2026 15:37:00 +0900","‘솔라고의 황제’ 정재훈, KPGA투어 하반기 개막전 동아회원권그룹 오..."
아임비타,뉴스,"Thu, 20 Aug 2026 14:09:00 +0900","[KPGA] 정재훈, 손목 부상 딛고 10언더파 폭발..동아회원권그룹 오픈 1R ..."
아임비타,뉴스,"Wed, 19 Aug 2026 18:31:00 +0900","'시즌 2승' 장유빈 독주냐, '디펜딩 챔프' 박상현 반등이냐"
아임비타,뉴스,"Wed, 19 Aug 2026 11:14:00 +0900","KPGA 투어 하반기 개막 D-6, 주요 관전 포인트는? [KPGA]"
아임비타,뉴스,"Wed, 19 Aug 2026 09:29:00 +0900",KPGA 투어 20일 개막 동아회원권그룹 오픈으로 하반기 일정 돌입…장유...
아임비타,뉴스,"Wed, 19 Aug 2026 08:02:00 +0900","'디펜딩 챔피언' 박상현 vs 시즌 2승 장유빈, 샷 대결...KPGA투어 동아회..."
아임비타,뉴스,"Tue, 18 Aug 2026 19:36:00 +0900","장유빈 독주냐, 추격자 반격이냐…KPGA 하반기 레이스 20일 시작"
아임비타,뉴스,"Tue, 18 Aug 2026 15:17:00 +0900",[KPGA] 장유빈·박상현 우승 경쟁 .. '동아회원권그룹 오픈' 20일 개막..
아임비타,뉴스,"Tue, 18 Aug 2026 11:28:00 +0900","[KPGA] 하반기 개막, 장유빈 제네시스 포인트 1위 굳힐까"
아임비타,뉴스,"Mon, 17 Aug 2026 09:00:00 +0900",[르포]K뷰티 다 모였다…미국에서 열린 첫 '올리브영 페스타'
아임비타,뉴스,"Mon, 17 Aug 2026 08:32:00 +0900",“영양제도 편의점서 4900원”…130만개 팔리자 불붙은 ‘5000원 건기식...
아임비타,뉴스,"Mon, 17 Aug 2026 08:00:00 +0900","'건강·로컬' 투트랙 전략…편의점업계, 상품 차별화 경쟁 '군불'"
아임비타,뉴스,"Thu, 13 Aug 2026 14:44:00 +0900","[KPGA] 군 복귀 후 첫 시즌 신상훈, 후반기 통산 3승 정조준"
아임비타,뉴스,"Thu, 13 Aug 2026 07:00:00 +0900",건강까지 파는 편의점…손쉽게 고르는 '건기식'
아임비타,뉴스,"Wed, 12 Aug 2026 14:48:00 +0900","군 복귀 후 첫 시즌의 반환점 돈 신상훈, 하반기 목표는? [KPGA]"
아임비타,뉴스,"Wed, 12 Aug 2026 09:28:00 +0900","'우리금융 챔피언' 최찬, 올댓스포츠와 매니지먼트 계약 &quot;더 넓은 곳에서..."
아임비타,뉴스,"Wed, 12 Aug 2026 08:59:00 +0900","KPGA 최찬, 올댓스포츠 품으로 “보여주고 싶은 모습 많다”"
아임비타,뉴스,"Wed, 12 Aug 2026 05:51:00 +0900",1년 만에 130만개 팔렸다…“몸에도 좋은데 5000원도 안 해” MZ가 픽한...
아임비타,뉴스,"Mon, 10 Aug 2026 19:12:00 +0900","CU, 건기식 운영점 2천여 곳 늘리고 상품군 확대"
아임비타,뉴스,"Mon, 10 Aug 2026 17:52:00 +0900",[유통가 NOW] CJ제일제당 IP상품 16종·롯데칠성음료 118개 할인·스타벅...
아임비타,뉴스,"Mon, 10 Aug 2026 15:38:00 +0900",편의점에서 130만개 팔린 이것⋯ CU ‘헬스케어’ 시장 키운다
아임비타,뉴스,"Mon, 10 Aug 2026 14:34:00 +0900","[나눔 트렌드] 종근당건강㈜, 지파운데이션에 11억 원 상당 건강기능식..."
아임비타,뉴스,"Mon, 10 Aug 2026 14:08:00 +0900","&quot;건기식 130만개 팔렸다&quot;... CU, 취급점 2000곳 늘려 '헬스케어' 강화"
아임비타,뉴스,"Mon, 10 Aug 2026 13:54:00 +0900",[오늘의 편의점] GS25·CU·세븐일레븐
아임비타,뉴스,"Mon, 10 Aug 2026 13:40:00 +0900","건강기능식품 130만 개 판 CU, 취급점 2000개 추가 확대…접근성 더 높인..."
아임비타,뉴스,"Mon, 10 Aug 2026 13:32:00 +0900","[신상브리핑] CU, 오뚜기, 농심, 하림, 신일전자, 쿠첸 外"
아임비타,뉴스,"Mon, 10 Aug 2026 12:30:00 +0900","건기식 130만개 팔린 CU, '헬스케어 2.0' 승부…판매점 8000곳 이상으로"
아임비타,뉴스,"Mon, 10 Aug 2026 11:55:00 +0900",복귀 첫 시즌 반환점 돈 신상훈 “하반기 꼭 우승”
아임비타,뉴스,"Mon, 10 Aug 2026 11:30:00 +0900","CU, 건기식 130만개 팔렸다…판매점 2000곳 늘려 '헬스케어' 강화"
아임비타,뉴스,"Mon, 10 Aug 2026 11:23:00 +0900","‘예비역’ 신상훈, 꿈을 향한 질주… “우승하는 순간 다시 올 것이라..."
아임비타,뉴스,"Mon, 10 Aug 2026 11:08:00 +0900","CU, 건기식 운영점·라인업 확대…'헬스케어 2.0 전략' 실행"
아임비타,뉴스,"Mon, 10 Aug 2026 10:58:00 +0900","CU, 건기식 판매점 8000곳 확대···'헬스케어' 강화"
아임비타,뉴스,"Mon, 10 Aug 2026 10:28:00 +0900","CU, ‘헬스케어 2.0’ 가속…건기식 운영점 2000곳 늘린다"
아임비타,뉴스,"Mon, 10 Aug 2026 10:26:00 +0900","CU, 건기식 운영점 2000곳 늘린다...특화 상품 확대"
아임비타,뉴스,"Mon, 10 Aug 2026 10:04:00 +0900","CU, 건강기능식품 130만개 팔렸다…'헬스케어 2.0' 본격화"
아임비타,뉴스,"Mon, 10 Aug 2026 09:55:00 +0900","CU, 건기식 130만개 팔렸다…판매점 2000곳 추가"
아임비타,뉴스,"Mon, 10 Aug 2026 09:53:00 +0900","CU, 편의점 헬스케어 2.0 전략 시동…운영점·라인업 확대"
아임비타,뉴스,"Mon, 10 Aug 2026 09:43:00 +0900","CU, 편의점 헬스케어 2.0 실행…건기식 점포 2000여점 추가"
아임비타,뉴스,"Mon, 10 Aug 2026 09:39:00 +0900","CU, 건기식 누적 130만개 돌파…‘헬스케어 2.0’ 시동"
아임비타,뉴스,"Mon, 10 Aug 2026 09:28:00 +0900","CU, 헬스케어 2.0 전략…건기식이 매출 성장 견인"
아임비타,뉴스,"Mon, 10 Aug 2026 09:26:00 +0900","CU, 올해 건기식 운영 매장 2000곳 확대…헬스케어 수요 공략"
아임비타,뉴스,"Mon, 10 Aug 2026 09:26:00 +0900",[편의점 브리핑] CU 건기식 130만개·GS25 바나나 전용농장·세븐일레븐...
아임비타,뉴스,"Mon, 10 Aug 2026 09:24:00 +0900","CU, 건기식 130만개 돌파…편의점 건강시장 확대"
아임비타,뉴스,"Mon, 10 Aug 2026 09:16:00 +0900","CU, 건기식 운영점·라인업 확대…'헬스케어 2.0 전략' 실행"
아임비타,뉴스,"Mon, 10 Aug 2026 09:08:00 +0900","CU, 편의점 헬스케어 2.0 전략 실행한다…건기식 운영점 2천여 곳 추가"
아임비타,뉴스,"Mon, 10 Aug 2026 08:40:00 +0900","CU, 건기식 누적 판매 130만개 돌파…'편의점 헬스케어 2.0' 가동"
아임비타,뉴스,"Mon, 10 Aug 2026 08:27:00 +0900","&quot;편의점서 건강 챙긴다&quot;…CU, 건기식 판매점 8000곳으로 확대"
아임비타,뉴스,"Mon, 10 Aug 2026 08:15:00 +0900","CU, 건기식 판매점 2000곳 늘린다…소포장·멀티비타민 강화"
아임비타,뉴스,"Mon, 10 Aug 2026 08:09:00 +0900","CU, 올해 건기식 판매점 2000곳 늘린다…편의점 ‘헬스케어 2.0’ 가동"
아임비타,뉴스,"Mon, 10 Aug 2026 08:02:00 +0900","CU, 건기식 누적 130만 개 돌파… 편의점 '헬스케어 2.0' 전략 가속화"
아임비타,뉴스,"Mon, 10 Aug 2026 07:28:00 +0900","세븐일레븐, 즉석스무디 70만잔→CU, 건기식 130만개 돌파"
아임비타,뉴스,"Mon, 10 Aug 2026 06:52:00 +0900","CU, 편의점 '헬스케어 2.0 전략' 실행...상품 라인업 대폭 리뉴얼"
아임비타,뉴스,"Mon, 10 Aug 2026 06:12:00 +0900",인공지능(AI) 주목 '비타민'…종근당 브랜드 '두각'
아임비타,뉴스,"Thu, 06 Aug 2026 14:32:00 +0900",프리미엄 비타민 경쟁 과열⋯선두 동아제약 '오쏘몰' 매출 주춤
아임비타,뉴스,"Wed, 05 Aug 2026 17:56:00 +0900","종근당건강, '프로메가 뉴티지 오메가3' 7만 개 기부"
아임비타,뉴스,"Wed, 05 Aug 2026 17:08:00 +0900","종근당건강, 지파운데이션에 11억원 상당 건강기능식품 기부"
아임비타,뉴스,"Wed, 05 Aug 2026 15:44:00 +0900","종근당건강㈜, 11억 상당 건기식 지파운데이션 기부"
아임비타,뉴스,"Wed, 05 Aug 2026 15:28:00 +0900","종근당건강, 취약계층에 11억원 상당 건강기능식품 기부"
아임비타,뉴스,"Wed, 05 Aug 2026 15:04:00 +0900","[함께가자 우리ESG] 종근당건강, 지파운데이션에 11억 원 상당 건강기능..."
아임비타,뉴스,"Wed, 05 Aug 2026 13:50:00 +0900","&quot;11억원 건강 나눔&quot;… 종근당건강, 취약계층에 건강기능식품 7만개 지원"
아임비타,뉴스,"Wed, 05 Aug 2026 11:42:00 +0900","종근당건강, 여름 취약계층 건강 위해 11억원대 건기식 기부"
아임비타,뉴스,"Wed, 05 Aug 2026 11:18:00 +0900","종근당건강, 취약계층에 11억 상당 건기식 기부"
아임비타,뉴스,"Wed, 05 Aug 2026 11:10:00 +0900","종근당건강, 건강기능식품 7만 개 국내 취약계층에 기부…11억원 규모 나..."
아임비타,뉴스,"Wed, 05 Aug 2026 10:34:00 +0900","종근당건강㈜, 지파운데이션에 11억원 상당 건강기능식품 기부"
아임비타,뉴스,"Tue, 04 Aug 2026 13:32:00 +0900","[유통레이더] 쿠팡CLS, 스타필드, 올리브영, 세븐일레븐, 롯데칠성음료..."
아임비타,뉴스,"Tue, 04 Aug 2026 06:00:00 +0900",[유통소식] 신세계百 '비욘드신세계' 오픈 1주년..고객 감사 프로모션
아임비타,뉴스,"Mon, 03 Aug 2026 09:02:00 +0900",&quot;시즌 4승·美 진출로 완벽한 해 완성하겠다&quot;…장유빈의 하반기 구상
아임비타,뉴스,"Mon, 03 Aug 2026 00:12:00 +0900",&quot;올 상반기 95점으로 마무리…남은 목표는 시즌 4승·美 진출&quot;
아임비타,뉴스,"Fri, 31 Jul 2026 13:44:00 +0900",종근당홀딩스 '사랑나눔 헌혈캠페인'…소비자 관심도·호감도 모두 상승
아임비타,뉴스,"Mon, 27 Jul 2026 06:00:00 +0900","드라이빙 아이언, 그저 어려운 클럽이 아닌 '필요한 순간을 위한 특별한..."
아임비타,뉴스,"Wed, 22 Jul 2026 17:37:00 +0900","K건기식, 태국서 수출 판로 넓힌다"
아임비타,뉴스,"Sun, 19 Jul 2026 07:05:00 +0900",대학골프 후반기 빅매치… 정상급 프로·아마 2주 연속 격돌
아임비타,뉴스,"Fri, 10 Jul 2026 16:06:00 +0900","'다승' 장유빈, 주요 타이틀 독주...기록으로 본 2026 KPGA 투어 상반기"
아임비타,뉴스,"Fri, 10 Jul 2026 08:18:00 +0900","[더벨][PE 포트폴리오 엿보기] 레버런트, 네추럴웨이 IPO 저울질…바이..."
아임비타,뉴스,"Wed, 08 Jul 2026 16:44:00 +0900","아임비타, 김우빈 출연 '이뮨샷' 신규 TV 광고 공개"
아임비타,뉴스,"Wed, 08 Jul 2026 16:11:00 +0900","아임비타, 김우빈과 함께한 ‘이뮨샷’ TV 광고 공개…브랜드 메시지 전..."
아임비타,뉴스,"Wed, 08 Jul 2026 14:31:00 +0900","[KPGA] 상반기 10개 대회 탄생한 각종 기록, 장유빈 시대 다시 열릴까"
아임비타,뉴스,"Wed, 08 Jul 2026 11:46:00 +0900","아임비타, 김우빈 출연 신규 TVC 온에어"
아임비타,뉴스,"Wed, 08 Jul 2026 11:40:00 +0900","아임비타, 김우빈 출연 신규 TV 광고 공개…일상 속 '샷' 콘셉트로 브랜..."
아임비타,뉴스,"Wed, 08 Jul 2026 10:08:00 +0900","아임비타, 김우빈과 신규 광고 공개... '이뮨샷' 캠페인 전개"
아임비타,뉴스,"Tue, 07 Jul 2026 16:44:00 +0900","아임비타, 김우빈과 함께한 신규 TV 광고 호응… '이뮨샷' 메시지 공감"
아임비타,뉴스,"Tue, 07 Jul 2026 13:26:00 +0900","백제약품, 종근당건강 건기식 상반기 유통 매출 2배 쑥"
아임비타,뉴스,"Tue, 07 Jul 2026 13:20:00 +0900","“땡큐! 이범호 감독님” 정한밀, KPGA투어 생애 첫 승찍고 ‘챔필’ 간..."
아임비타,뉴스,"Tue, 07 Jul 2026 13:12:00 +0900","아임비타, 김우빈과 전하는 '당신의 하루를 채우는 샷' 신규 TVC 온에어..."
아임비타,뉴스,"Tue, 07 Jul 2026 13:03:00 +0900","아임비타, 김우빈 출연 신규 광고 공개"
아임비타,뉴스,"Tue, 07 Jul 2026 11:04:00 +0900",‘장유빈 천하’ 유일한 다승자 우뚝…숫자로 본 2026 KPGA 상반기
아임비타,뉴스,"Tue, 07 Jul 2026 09:52:00 +0900","&quot;김우빈과 '이뮨샷' 한 병으로 채우는 하루&quot; 아임비타, 신규 TVC 선보여"
아임비타,뉴스,"Mon, 06 Jul 2026 17:28:00 +0900",장유빈 선두 질주 속 신예 약진...KPGA 투어 상반기 결산
아임비타,뉴스,"Mon, 06 Jul 2026 14:50:00 +0900",2026시즌 KPGA 투어 상반기 종료…10개 대회 속에서 탄생한 각종 기록들...
아임비타,뉴스,"Mon, 06 Jul 2026 14:35:00 +0900","돌아온 장유빈, 역시 최강 위용…KPGA 유일 다승에 대상·상금 1위"
아임비타,뉴스,"Wed, 01 Jul 2026 14:38:00 +0900","아임비타, 배우 김우빈과 신규 TV 광고 론칭…브랜드 메시지 전달"
아임비타,뉴스,"Tue, 30 Jun 2026 13:04:00 +0900","‘유일한 다승자’ 장유빈, 제네시스 포인트 1위 유지 “올해 가장 큰 ..."
아임비타,뉴스,"Mon, 29 Jun 2026 17:04:00 +0900","장유빈, KPGA 상반기 제네시스 포인트 1위...2관왕 향해 순항"
아임비타,뉴스,"Mon, 29 Jun 2026 15:10:00 +0900","2026시즌 첫 다승 장유빈, 제네시스 포인트 1위 유지"
센트룸,블로그,20260828,센트룸 원데이팩 우먼 50+ 퇴근 후 피로 눈 건강 챙겨도 문제 없는 이....
센트룸,블로그,20260828,센트룸 원데이팩 맨 50+ 3개월 써보니 몸도 마음도 확실히 달라졌어....
센트룸,블로그,20260828,센트룸 우먼 더블업 3개 세트! 6개월분 건강관리 8만원대 득템 기회 (....
센트룸,블로그,20260828,센트룸 원데이팩 우먼 40 30개입 3개 40대 여성 영양제 추천
센트룸,블로그,20260828,센트룸 원데이팩 우먼 50+ 30개입 3개 세트 구성 및 특징 안내
센트룸,블로그,20260828,센트룸 원데이팩 맨 50+ 30개입 3개 세트로 챙기는 중년 남성 활력
센트룸,블로그,20260828,센트룸 원데이팩 맨 40 30개입 3개 구성 40대 남성 건강 관리 추천
센트룸,블로그,20260828,센트룸 타마플렉스 올인원 관절 연골 근육 30정 3개 효과와 선택 이....
센트룸,블로그,20260828,센트룸 타마플렉스 아이 건강 고려한 세척과 관리 용이성 차이점 살....
센트룸,블로그,20260828,센트룸 실버 우먼 50대 이상 여성용 영양 보충제 선택 시 눈여겨볼 ....
센트룸,블로그,20260828,센트룸 멀티구미 키즈 40구미 아이 편식 고민 해결한 솔직 후기
센트룸,블로그,20260828,바르샤바 호텔 그로마다 바르샤바 센트룸 조식 객실 요금 확인
센트룸,블로그,20260828,"센트룸 우먼 2030 1팩 후기, 피부 촉촉 출근길 챙기기 딱 좋아요"
센트룸,블로그,20260828,센트룸 우먼 더블업 60정 건강을 챙기는 선물로 좋은지 비교하며 살....
센트룸,블로그,20260828,30대 필수템! 센트룸 실버 맨 멀티비타민 솔직 후기 (50정 3개)
센트룸,블로그,20260828,센트룸 멀티구미 키즈 어린이 선물로 좋은 초보도 다루기 쉬운 영양....
센트룸,블로그,20260828,GNM 아르기닌 6200 타우린 L카르니틴 오르니틴 45포 상세 분석 및 섭취 ....
센트룸,블로그,20260828,센트룸 원데이팩 맨 40 30개입 간결한 보관과 하루 한 팩으로 영양 챙....
센트룸,블로그,20260828,30대 직장인 삶의 질 수직 상승! 센트룸 우먼 더블업 6개월 솔직 후기
센트룸,블로그,20260828,센트룸 원데이팩 맨 2030 빠르고 간편한 건강 관리가 필요한 분께 알....
센트룸,블로그,20260828,센트룸 원데이팩 맨 40 챙겨 먹으며 아침 출근길 피로 덜어냈습니다
센트룸,블로그,20260828,센트룸 칼슘 D 미니: 뼈 건강과 활력을 위한 똑똑한 선택
센트룸,블로그,20260827,센트룸 멀티구미 3개 직접 먹어보니 80구미 구성은 정말 괜찮을까
센트룸,블로그,20260827,센트룸 실버 맨 50정 남성 멀티비타민 보관 간편함을 중시하는 영양....
센트룸,블로그,20260827,센트룸 맨 더블업 50정 가성비를 따지면서 소음 걱정 적은 선택이 필....
센트룸,블로그,20260827,센트룸 키즈 멀티비타민 어린이 건강 챙기려는 직장인 위한 구매 전....
센트룸,블로그,20260827,센트룸 원데이팩 우먼 50+ 30개입으로 혼자 사는 여성도 영양 놓치지 ....
센트룸,블로그,20260827,여성을 위한 비타민 센트룸 우먼 더블업 60정의 모든 것
센트룸,블로그,20260827,센트룸 원데이팩 맨 50대 남성용 멀티비타민 3개월간 써본 진짜 후기
센트룸,블로그,20260827,센트룸 에너지B 60정 비타민B군 구성이 궁금할 때 살펴봐야 할 정보
센트룸,블로그,20260827,센트룸 멀티구미 120구미 좁은 공간 활용과 다양한 구성 살펴보기 체....
센트룸,블로그,20260827,센트룸 원데이팩 우먼 2030 30개입 2개 건강기능식품 두 가지 주요 성....
센트룸,블로그,20260827,센트룸 키즈 멀티비타민 60정 어린이 영양소 구성과 복용 기간 선택 ....
센트룸,블로그,20260827,센트룸 원데이팩 맨 40 30개입 하루 영양 구성이 바뀌는 변화를 경험....
센트룸,블로그,20260827,센트룸 원데이팩 우먼 40 3개 세트 복잡한 관리 없이 건강케어는 어....
센트룸,블로그,20260827,"50대 여성 종합비타민 추천, 센트룸 실버 우먼과 일반 멀티비타민 비...."
센트룸,블로그,20260827,센트룸 우먼 더블업 60정 3개 세트로 아침 영양제 고민 끝냈어요
센트룸,블로그,20260827,"센트룸 타마플렉스 관절·연골·근육 복합물, 꾸준히 챙기니 몸이 가...."
센트룸,블로그,20260827,센트룸 멀티구미 80구미 3개 구매 초보자가 알아야 할 소음과 진동의....
센트룸,블로그,20260827,센트룸 맨 더블업 3개월치 써보고 남성 건강 챙긴 진짜 후기
센트룸,블로그,20260827,센트룸실버우먼 50+ 관절 효능 성분 60대 엄마 영양제 선물 내돈내산 ....
센트룸,블로그,20260827,센트룸 맨 더블업 50정 한 달 써보니 체력 관리에 딱이었어요
센트룸,블로그,20260827,센트룸 실버 우먼 멀티비타민 50대 여성 영양제 초보자가 비교할 포....
센트룸,블로그,20260827,센트룸 원데이팩 맨 2030 간편 영양 챙김으로 바쁜 주부에게 적합한 ....
센트룸,블로그,20260827,센트룸 원데이팩 맨우먼 20부터 50세 이상까지 필요한 영양소와 선택....
센트룸,블로그,20260827,센트룸 원데이팩 우먼 2030 퇴근 후 지친 여성 건강 챙길 때 고르는 ....
센트룸,블로그,20260827,센트룸 원데이팩 우먼 50+ - 중년 여성 맞춤 영양 구성 및 관리 방법
센트룸,블로그,20260827,센트룸 맨 40 30개입 3통 사용 후기
센트룸,블로그,20260827,센트룸 원데이팩 맨 50+ 30개입 간편한 휴대와 효율적 보관을 원할 때....
센트룸,블로그,20260827,센트룸 원데이팩 맨 50+ 50대 남성도 합리적인 선택으로 간편케어 가....
센트룸,블로그,20260827,센트룸 원데이팩 맨 40 30개입 2개 세트로 바꾸기 전 살펴볼 구성과 ....
센트룸,블로그,20260827,센트룸 원데이팩 우먼 50 50대 직장인 맞춤 건강 기준별 선택 포인트
센트룸,블로그,20260827,센트룸 원데이팩 우먼 2030 건강을 자주 챙기는 여성의 선택 기준 살....
센트룸,블로그,20260827,센트룸 원데이팩 우먼 50+ 30개입 멀티비타민 골라본 솔직 후기
센트룸,블로그,20260827,센트룸 원데이팩 맨 50+ 50대 남성 건강을 위한 필수 고려사항과 성분....
센트룸,블로그,20260827,센트룸 원데이팩 우먼 40 3개 아이 걱정하는 부모에 맞는 영양제 선....
센트룸,블로그,20260827,센트룸 타마플렉스 올인원 관절 건강 3개월분으로 공간 효율 챙기는....
센트룸,블로그,20260827,센트룸 원데이팩 맨 40 30개입 건강 관리에 필요한 영양을 간편하게 ....
센트룸,블로그,20260827,센트룸 원데이팩 우먼 50+ 건강 선물용으로 적합한 보관 편의성과 관....
센트룸,블로그,20260827,[50대 남성 비타민 추천] 활력 넘치는 하루를 위한 선택! '센트룸 원....
센트룸,블로그,20260827,센트룸 맨 더블업 50정 2개 구성과 활용법을 처음 맞이하는 분들을 ....
센트룸,블로그,20260827,센트룸 맨 더블업 60정 1인 가구의 건강 관리와 복용 기간 고민을 해....
센트룸,블로그,20260827,센트룸 원데이팩 우먼 40 여성 비타민 퇴근 후 활력 위한 성분 구성 ....
센트룸,블로그,20260827,센트룸 맨 더블업 60정 직장인 맞춤 건강관리 편리함으로 일상의 활....
센트룸,블로그,20260827,센트룸 우먼 더블업 50정 3개 세트 여성 건강 챙기면서 비용 효율성 ....
센트룸,블로그,20260827,"센트룸 멀티구미 키즈 3통 세트 내돈내산 후기, 아침 간식 걱정 덜었...."
센트룸,블로그,20260827,센트룸 맨 더블업 60정 3개 꾸준히 챙기는 분들을 위한 가성비 좋은 ....
센트룸,블로그,20260827,센트룸 에너지B 60정 3개로 부족한 활력 고민 덜어보세요
센트룸,블로그,20260827,센트룸 키즈 멀티비타민 60정 아이 영양소 차이와 선택법으로 건강....
센트룸,블로그,20260827,하루 한알로 충분한 종합비타민 '센트룸 우먼 더블업' 추천
센트룸,블로그,20260827,"센트룸 우먼 더블업, 60정, 1개"
센트룸,블로그,20260827,센트룸 실버 맨 멀티비타민 1인 가구 영양 챙김 솔루션 실제 사용 편....
센트룸,블로그,20260827,센트룸 멀티구미 80구미 아이 건강 챙길 때 고려할 포인트와 효과적....
센트룸,블로그,20260827,"센트룸 원데이팩 맨 40 3박스 선택 전 필수 체크, 휴대성과 효과 만족"
센트룸,블로그,20260827,센트룸 실버 우먼 멀티비타민으로 활기찬 하루 시작하기
센트룸,블로그,20260827,"센트룸 원데이팩 우먼 2030 3알 올인원, 선택 전 필수 체크 포인트와 ...."
센트룸,블로그,20260827,센트룸 원데이팩 우먼 50+로 3개월 동안 눈 건강과 관절을 챙겨봤어....
센트룸,블로그,20260827,센트룸 원데이팩 맨 50 플러스 50대 남성 건강 고민에 따른 성분별 선....
센트룸,블로그,20260827,센트룸 원데이팩 맨 40로 간편한 건강관리와 깔끔한 보관까지 도와 ....
센트룸,블로그,20260827,센트룸 원데이팩 우먼 50+ 3개 세트 구성과 활용법으로 건강 관리 변....
센트룸,블로그,20260827,"센트룸 멀티비타민 실버 우먼 맨 성분 완벽 비교, 효능 복용시간 및 ...."
센트룸,블로그,20260827,"센트룸 맨 더블업 남성 종합비타민, 비타민B군 8종과 23가지 영양 한 ...."
센트룸,블로그,20260827,"50대 엄마 건강 선물 1순위! 센트룸 실버 우먼 50정 3개 세트 81,000원 ...."
센트룸,블로그,20260827,센트룸 원데이팩 우먼 50+ 3개 소음 걱정 없이 건강 고민 해결법
센트룸,블로그,20260827,"센트룸 우먼 더블업 60정 3개 세트 87,000원! 바쁜 일상 속 활력 치트키...."
센트룸,블로그,20260827,"아침이 달라지는 센트룸 맨 더블업 3박스 87,000원! 활력을 위한 현명...."
센트룸,블로그,20260827,센트룸 실버 맨 멀티비타민 50정 아이 건강에도 쉽고 적합한 영양 관....
센트룸,블로그,20260827,센트룸 원데이팩 우먼 30개입 써보니 변화가 있네요
센트룸,블로그,20260827,중년 여성 영양 균형을 위한 고르는 법 센트룸 실버 우먼 멀티비타....
센트룸,블로그,20260827,50대 이후 여성 영양제 고르는 법 센트룸 원데이팩 우먼 50+ 30개입 3....
센트룸,블로그,20260827,센트룸 맨 더블업 60정 3개 구매 전 성분과 복용법 체크 가이드
센트룸,블로그,20260827,센트룸 실버 맨 멀티비타민으로 활력 가득한 하루 보내기
센트룸,블로그,20260827,50대 남성 영양 균형 고르는 법 센트룸 실버 맨 멀티비타민 미네랄 50....
센트룸,블로그,20260827,"센트룸 원데이팩 맨 2030 1일 1팩 올인원, 선택 전 필수 체크 포인트"
센트룸,블로그,20260827,"센트룸 우먼맨 더블업 60정 내돈내산 후기, 활력 충전 비결"
센트룸,블로그,20260827,"센트룸 원데이팩 맨 40 30일분 내돈내산 후기, 아침 피로 달라진 소감"
센트룸,블로그,20260827,"센트룸 원데이팩 맨 50+ 30일분, 1일 1팩 휴대 편의 선택 전 필수 체크,...."
센트룸,블로그,20260827,센트룸 우먼 더블업 60정 주부들의 건강 고민과 소음 걱정은 다르다....
센트룸,블로그,20260827,센트룸 남성 멀티비타민 30일분 직접 먹어보니 2030에게 맞을까
센트룸,블로그,20260827,바르샤바 센트룸 바르나비토프 가는법 객실 혜택 확인
센트룸,카페글,,센트룸 원데이팩 50+ 드셔보신 분 계세요?
센트룸,카페글,,[G마켓 20%] (G마켓단독)센트룸 기프트 패키지 (멀티구미 80구미(160g)+꽃비누) 2....
센트룸,카페글,,이비스 스타일 브로츠와프 센트룸 이 가격이면 갈 만한가
센트룸,카페글,,이비스 신트 니클라스 센트룸 누구에게 맞을까 - 정리
센트룸,카페글,,센트룸 원데이팩 우먼 50+ - 성인 여성의 균형 잡힌 영양 성분 분석
센트룸,카페글,,"노보텔 부다페스트 센트룸 호텔(날씨,야경,조식) 할인 받고 예약하는 방법!"
센트룸,카페글,,센트룸 275정 어디서 사는 게 나을까요
센트룸,카페글,,"이비스 포즈난 센트룸, 쉬기엔 어땠나"
센트룸,카페글,,노보텔 우치 센트룸 호텔 솔직 후기 (feat. 아고다 할인코드)
센트룸,카페글,,센트룸 원데이팩 우먼 50+ 효과 보신 분?
센트룸,카페글,,센트룸 실버 우먼 가격 어떤가요??
센트룸,카페글,,센트룸 멀티구미 80구미 3개 피로로 지친 매일에 구내염 잡은 솔직후기
센트룸,카페글,,센트룸 원데이팩 맨 50+ - 50대 남성을 위한 영양 성분 분석 및 기능 정보
센트룸,카페글,,센트룸 원데이팩 우먼 40 - 40대 여성 영양 성분 균형 관리 방법
센트룸,카페글,,센트룸 원데이팩 맨 40 - 남성 건강 유지에 필요한 영양소 공급 방법과 특징
센트룸,카페글,,[아로하샵] 건강시키신분?! 헤일리온(HALEON) - &lt;센트룸(Centrum)&gt; - 뉴질랜드 센....
센트룸,카페글,,"센트룸 맨 더블업 비타민 82.8g, 60정, 1개 강추 이유 / 가성비 최고"
센트룸,카페글,,바르는 미녹시딜 3일차
센트룸,카페글,,센트룸 멀티구미 간편하게 챙기는 비타민
센트룸,카페글,,비교해보면 왜 이걸 선택했나 확실히 느껴지는 센트룸 타마플렉스 올인원 ....
센트룸,카페글,,하루 2알로 간편하게 챙기는 활력 센트룸 멀티구미 80구미 3개
센트룸,카페글,,골든 튤립 바르샤바 센트룸 하루 이야기 (아고다 할인코드 8월)
센트룸,카페글,,"센트룸우먼, 40대 여성 활력 챙기는 법, 센트룸 원데이팩 찾아봤어요"
센트룸,카페글,,"근육영양제, 여름철 땀 흘려도 뻐근한 관절, 센트룸 타마플렉스 살펴봤어요"
센트룸,카페글,,센트룸제품
센트룸,카페글,,센트룸 타마플렉스 관절 염증 때문에 도움 될까요?
센트룸,카페글,,센트룸 우먼 더블업 60정 3개 여성 멀티비타민 찾는다면
센트룸,카페글,,센트룸 멀티구미 80구미 내돈내산 40대 아재의 솔직한 맛 후기
센트룸,카페글,,벨기에 노보텔 브뤼헤 센트룸 궁금증 총정리 문답
센트룸,카페글,,"센트룸 원데이팩 맨 50+ 30개입, 3개 만족템"
센트룸,카페글,,코르트레이크 이비스 코르트리크 센트룸 솔직 후기 (feat. 아고다 할인코드)
센트룸,카페글,,40대여자선물 궁금한 점이 있다면 센트룸 원데이팩 우먼50+
센트룸,카페글,,남성 종합비타민 추천 센트룸 실버맨 멀티비타민 미네랄 후기
센트룸,카페글,,여성 비타민 추천 센트룸 원데이팩 우먼 40 30일팩 후기
센트룸,카페글,,중장년 건강 관리 필수템 약국 센트룸 실버 포 우먼 후기
센트룸,카페글,,"센트룸 원데이팩 우먼 40 30개입, 3개 한눈 리뷰"
센트룸,카페글,,50대 여성 건강 필템 센트룸 실버 우먼 3개월 꾸준 섭취 비법 공개
센트룸,카페글,,센트룸 멀티구미 80구미 알약 못 먹던 제가 매일 찾게 된 이유
센트룸,카페글,,"센트룸우먼 뭐 쓰시나요, 40대 여성을 위한 하루 1팩 알아봤어요"
센트룸,카페글,,종합영양제추천 남성 필수템 센트룸 맨 더블업 60정
센트룸,카페글,,"연골영양제 고민이라면, 센트룸 타마플렉스 올인원 골라봤어요"
센트룸,카페글,,"센트룸 원데이팩 우먼 50+ 30개입, 3개 고민하다 선택"
센트룸,카페글,,"센트룸 원데이팩 맨 40 30개입, 3개 기대 이상"
센트룸,카페글,,"센트룸 여성 실버 275 정 3세트 [미국직구], 3개, 275정 리뷰와 함께 알아보기"
센트룸,카페글,,마드리드 빈시 센트룸 위치 예약 특가 정보
센트룸,카페글,,센트룸 실버 포우먼 포맨 50+ 멀티비타민 세트 (Centrum Silver Women Men 50+ 필수템....
센트룸,카페글,,부다페스트 NH 부다페스트 시티 근처 예약 요금 살펴보기
센트룸,카페글,,"센트룸 우먼 40, 3팩 구성으로 40대 여성 영양 챙기기"
센트룸,카페글,,센트룸 우먼 더블업 6개월 꾸준히 챙겨 먹고 느낀 변화
센트룸,카페글,,센트룸 우먼 더블업 여성 영양관리 체크하기
센트룸,카페글,,50대 남성 영양제 추천 약국 센트룸 실버 포 맨 멀티 비타민 후기
센트룸,카페글,,어린이 영양제 추천 센트룸 키즈 멀티비타민 미네랄 60정 2개
센트룸,카페글,,센트룸 우먼 더블업 드셔보신 분 계세요?
센트룸,카페글,,[도표] 센트룸 실버 맨 멀티비타민 미네랄 - 남성 건강 기능성 영양원 정보
센트룸,카페글,,"센트룸 멀티구미 80구미, 3개 피로감 싹 날아간 상큼한 젤리 영양제 솔직후...."
센트룸,카페글,,"여성멀티비타민 센트룸 원데이팩 우먼 40, 30개입 3세트 가성비 비교"
센트룸,카페글,,센트룸 멀티구미 80구미 3개 피로했던 남편이 먼저 찾게 된 이유!
센트룸,카페글,,"근육영양제 추천, 센트룸 타마플렉스 관절·연골·근육 3개 묶음 가성비"
센트룸,카페글,,센트룸 원데이팩 우먼50+ 여성영양제추천
센트룸,카페글,,50대 여성 맞춤 멀티비타민 성분 및 섭취 편의성 체크 (센트룸 우먼) 찐 후기
센트룸,카페글,,노보텔 브로츠와프 센트룸 찐 후기 (feat. 아고다 할인코드)
센트룸,카페글,,출장러 시점 노보텔 슈체친 센트룸 정리
센트룸,카페글,,바르샤바 프리미어 클라스 바르샤바 센트룸 예약 객실 특가 정보
센트룸,카페글,,칼슘+D미니
센트룸,카페글,,"40대 여성 영양제 챙기는 법, 센트룸 원데이팩 우먼 정리해봤어요"
센트룸,카페글,,센트룸 멀티구미 80구미 - 포괄적 영양 공급을 위한 종합 비타민 구성
센트룸,카페글,,"관절영양제 추천, 센트룸 타마플렉스 올인원 함유 성분과 효능 분석"
센트룸,카페글,,센트룸 실버 포맨 계속 먹어야 할까요?
센트룸,카페글,,센트룸 원데이팩 우먼 2030 복용법 헷갈림 해결
센트룸,카페글,,센트룸 맨 더블업 남성 영양관리 포인트 정리
센트룸,카페글,,마드리드 빈시 센트룸 가는법 할인 링크 안내
센트룸,카페글,,바쁜 남성 영양 관리 고민 센트룸 맨 더블업으로 해결
센트룸,카페글,,Centrum 센트룸 실버 포맨 포우먼 멀티비타민 90정 캐나다 직배송 추천하는 이....
센트룸,카페글,,남성 영양제 고민 센트룸 맨 더블업 6개월분으로 해결
센트룸,카페글,,센트룸 우먼 더블업 50정 3개 구성 헷갈릴 때 확인법
센트룸,카페글,,쾰른 호텔 이비스 호텔 쾰른 센트룸 예약 특가 정보
센트룸,카페글,,헨트 노보텔 겐트 센트룸 방 크기 문의 정리해드립니다
센트룸,카페글,,예페르 노보텔 이에페르 센트룸 플랜더스 필드 솔직 후기 (feat. 아고다 할인....
센트룸,카페글,,센트룸 원데이팩 맨 50+ 복용 고민 하루 한 팩으로 간편 해결
센트룸,카페글,,센트룸 맨 더블업 50정 2개 하루 한 알 영양관리
센트룸,카페글,,센트룸
센트룸,카페글,,50대 여성 영양 걱정 센트룸 실버 우먼으로 채우기
센트룸,카페글,,센트룸 우먼 50+ 멀티비타민 타블렛 구매 전 알아야 할 것
센트룸,카페글,,바르샤바 센트룸 바르나비토프 예약 특가 링크 안내
센트룸,카페글,,센트룸 구미 어린이의 복용 나이와 주의사항 제공
센트룸,카페글,,알약이 힘들 때 센트룸 멀티구미 80구미 3개로 간편하게
센트룸,카페글,,센트룸 타마플렉스 관절 건강 올인원 솔루션
센트룸,카페글,,센트룸 원데이팩 맨 40 30개입 복용 고민 해결법
센트룸,카페글,,이비스 호텔 쾰른 센트룸 방 크기 문의 정리해드립니다
센트룸,카페글,,"여기 진짜 좋다, 루벵 이비스 루벤 센트룸"
센트룸,카페글,,유로스타 센트룸 알리칸테 찐 후기 (feat. 아고다 할인코드)
센트룸,카페글,,"센트룸 포 맨 멀티비타민 타블렛 AU버전, 4개, 90개입, 90정 추천♥"
센트룸,카페글,,"센트룸우먼 40대, 꾸준히 챙길 때 이 구성은 어떨지, 어떤 분께 맞을까요"
센트룸,카페글,,"연골영양제, 센트룸 타마플렉스, 관절·연골·근육 복합 케어 동급 대비 어...."
센트룸,카페글,,"센트룸 우먼 더블업 멀티 비타민 미네랄, 50정, 1개"
센트룸,카페글,,센트룸 원데이팩 우먼 2030 복용법 쉽게 확인
센트룸,카페글,,하루 2알로 활력 충전 센트룸 멀티구미 80구미 3개로 건강 습관 만들기
센트룸,카페글,,이비스 프랑크푸르트 센트룸 호텔 찐 후기 (feat. 아고다 할인코드)
센트룸,카페글,,비앤비 호텔 안트베르펜 센트룸 찐 후기 (feat. 아고다 할인코드)
센트룸,카페글,,이비스 알스트 센트룸 가족 후기 - 객실·편의
센트룸,뉴스,"Tue, 25 Aug 2026 18:34:00 +0900",[기획특집] 아이 부모들이 직접 선택한 2026년 '최고의 브랜드'는?
센트룸,뉴스,"Mon, 24 Aug 2026 10:04:00 +0900","[단독]대웅제약, 마미톡과 손잡고 산모영양제 시장 진출"
센트룸,뉴스,"Mon, 24 Aug 2026 06:20:00 +0900",올리브영·다이소·정관장·갤럭시…'2026 소비자가 뽑은 참 좋은 브랜드...
센트룸,뉴스,"Mon, 10 Aug 2026 11:28:00 +0900",[뉴공 아카이브]백세위원회: 근육 지키는 식탁… 4050을 위한 ‘단백질...
센트룸,뉴스,"Mon, 10 Aug 2026 06:12:00 +0900",인공지능(AI) 주목 '비타민'…종근당 브랜드 '두각'
센트룸,뉴스,"Fri, 07 Aug 2026 14:38:00 +0900","[더벨][Company Watch] 콜마비앤에이치, 낮아진 최대 고객 의존도…다변..."
센트룸,뉴스,"Thu, 06 Aug 2026 18:30:00 +0900","11번가, 말복 앞두고 슈팅배송 건강식품 할인 확대"
센트룸,뉴스,"Thu, 06 Aug 2026 15:53:00 +0900","&quot;'슈팅배송'으로 여름철 건강 관리&quot;···11번가, 건강식품 할인전 진행"
센트룸,뉴스,"Thu, 06 Aug 2026 15:49:00 +0900",지속되는 폭염에 건강 관리 관심 ↑…제약·건기식업계 등 다양한 여름...
센트룸,뉴스,"Thu, 06 Aug 2026 14:06:00 +0900","11번가, 말복 앞두고 홍삼·건강즙 할인…슈팅배송으로 빠르게"
센트룸,뉴스,"Thu, 06 Aug 2026 13:32:00 +0900","[유통레이더] NS홈쇼핑, CJ온스타일, 골프존, 에스트라, 파파존스, 창고..."
센트룸,뉴스,"Thu, 06 Aug 2026 11:30:00 +0900","&quot;폭염 대비부터 말복 건강식까지&quot;...11번가, 여름 특수 기획전 '총력'"
센트룸,뉴스,"Thu, 06 Aug 2026 10:37:00 +0900","11번가 슈팅배송, 말복 맞아 홍삼·건강식품 할인전"
센트룸,뉴스,"Thu, 06 Aug 2026 09:33:00 +0900","여름철 기력 보충 필요하다면…11번가, '슈팅배송'으로 지원 사격"
센트룸,뉴스,"Thu, 06 Aug 2026 09:26:00 +0900","[유통갤러리] 11번가 ‘슈팅배송’, 가성비 ‘건강식품’ 할인 外"
센트룸,뉴스,"Thu, 06 Aug 2026 09:14:00 +0900",말복 앞두고 건강식품 사볼까…11번가 슈팅배송 '건강 챙기기' 기획전
센트룸,뉴스,"Thu, 06 Aug 2026 09:14:00 +0900","11번가 '슈팅배송', 말복 앞두고 건강식품 할인 판매"
센트룸,뉴스,"Thu, 06 Aug 2026 09:10:00 +0900","[유통브리핑] CJ온스타일, 서울경제진흥원과 업무협약 체결 외"
센트룸,뉴스,"Thu, 06 Aug 2026 09:00:00 +0900","11번가, 말복 보양식 시장 공략…'슈팅배송' 홍삼·건강즙 특가 총출동"
센트룸,뉴스,"Thu, 06 Aug 2026 09:00:00 +0900",[클릭! 장보기] '쓱7클럽 WEEK' 진행 SSG닷컴·건강식품 특가 11번가
센트룸,뉴스,"Thu, 06 Aug 2026 08:54:00 +0900","11번가 슈팅배송, 말복 맞아 건강식품 할인 행사"
센트룸,뉴스,"Thu, 06 Aug 2026 08:44:00 +0900","11번가, 말복 앞두고 가성비 건강식품 선보여…수도권 당일배송"
센트룸,뉴스,"Thu, 06 Aug 2026 08:22:00 +0900","11번가 '슈팅배송', 말복 앞두고 건강식품 할인"
센트룸,뉴스,"Thu, 06 Aug 2026 06:00:00 +0900","[유통소식] 신세계백화점, 강남점 델리 1주년 맞이 릴레이 팝업 행사"
센트룸,뉴스,"Sat, 01 Aug 2026 09:02:00 +0900","LG전자, 인도 3공장 공정률 75% 도달...준공 시점 빨라진다"
센트룸,뉴스,"Sat, 01 Aug 2026 07:54:00 +0900",“래쉬가드 47% 할인·여행비도 낮춘다”…휴가철 온라인몰 할인전
센트룸,뉴스,"Sat, 01 Aug 2026 06:00:00 +0900",여름휴가 막판 수요 잡아라…국내여행부터 건강식품 기획전[주말e커머스...
센트룸,뉴스,"Fri, 31 Jul 2026 13:30:00 +0900","비타민 제품 2026년 7월 브랜드평판...고려은단, 얼라이브, 종근당건강 ..."
센트룸,뉴스,"Fri, 31 Jul 2026 10:34:00 +0900","고려은단 비타민, 제품 브랜드평판 1위…얼라이브·종근당건강 뒤이어"
센트룸,뉴스,"Fri, 31 Jul 2026 08:52:00 +0900","고려은단, 7월 비타민 브랜드평판 1위…'얼라이브·종근당건강' 뒤따라"
센트룸,뉴스,"Fri, 31 Jul 2026 08:04:00 +0900","고려은단, 비타민 제품 브랜드평판 2026년 7월...1위"
센트룸,뉴스,"Fri, 31 Jul 2026 06:54:00 +0900","고려은단 1위 지켰다…얼라이브 273% 급등, 비타민 브랜드 판도 흔들었..."
센트룸,뉴스,"Fri, 31 Jul 2026 06:12:00 +0900","[브랜드평판] 고려은단, 비타민 제품 7월 1위···얼라이브·종근당건강..."
센트룸,뉴스,"Wed, 15 Jul 2026 18:26:00 +0900",&quot;너무 비싼 약은 피하세요&quot;
센트룸,뉴스,"Fri, 10 Jul 2026 09:58:00 +0900",[동네약국 사용설명서] 36. 해외서 살 수 있는 건강 관련 특산품
센트룸,뉴스,"Wed, 08 Jul 2026 07:32:00 +0900","코스맥스엔비티, 업황 개선에 사업 구조조정까지 '턴어라운드'…&quot;현저한..."
센트룸,뉴스,"Tue, 23 Jun 2026 10:04:00 +0900","전 세계 홀린 화장품, 다음 신사업은 '이너뷰티'"
센트룸,뉴스,"Mon, 08 Jun 2026 22:02:00 +0900","먹으면서 관리하는 '이너뷰티', 넥스트 K뷰티로 주목"
센트룸,뉴스,"Mon, 08 Jun 2026 16:58:00 +0900",주류로 올라선 '이중제형' 건기식…다음 타자는 물 없이 먹는 '파우더'?
센트룸,뉴스,"Mon, 01 Jun 2026 17:50:00 +0900","[AI의 종목 이야기] 1~3분기 호실적, 印 페인트 주가 전망 밝혔다"
센트룸,뉴스,"Tue, 26 May 2026 11:08:00 +0900",뉴케어부터 센트룸·CJ웰케어...'헬시플레저' 신제품 출시
센트룸,뉴스,"Mon, 25 May 2026 14:42:00 +0900","중국, 간편하게 건강 챙기는 여성들... 피부미용·다이어트 등 기능성 식..."
센트룸,뉴스,"Sun, 24 May 2026 15:00:00 +0900","바르는 뷰티에서 '먹는 뷰티'로…유통가, 2조 이너뷰티 정조준"
센트룸,뉴스,"Fri, 22 May 2026 14:16:00 +0900","파우더·구미에 제로칼로리까지… 비타민 시장, 기능성·복용 편의성↑"
센트룸,뉴스,"Fri, 22 May 2026 10:20:00 +0900","헤일리온코리아, 유기동물 보호 봉사활동 전개"
센트룸,뉴스,"Thu, 21 May 2026 21:40:00 +0900","센트룸, 파우더 제형 멀티비타민 신제품 '이뮨 부스트 데일리 프로텍션..."
센트룸,뉴스,"Thu, 21 May 2026 17:35:00 +0900","[제약바이오 브리핑] 씨젠, 다제내성균 진단 신제품 유럽 출시 등"
센트룸,뉴스,"Thu, 21 May 2026 16:47:00 +0900","센트룸, 파우더형 멀티비타민 '이뮨 부스트 데일리 프로텍션C' 출시"
센트룸,뉴스,"Thu, 21 May 2026 15:00:00 +0900","센트룸, ‘이뮨 부스트 데일리 프로텍션 C’ 출시"
센트룸,뉴스,"Thu, 21 May 2026 11:44:00 +0900","&quot;물 없이 한 포&quot;…센트룸, '이뮨 부스트 데일리 프로텍션 C' 출시"
센트룸,뉴스,"Thu, 21 May 2026 11:30:00 +0900","센트룸, ‘센트룸 이뮨 부스트 데일리 프로텍션 C’ 신제품 출시"
센트룸,뉴스,"Thu, 21 May 2026 11:24:00 +0900","헤일리온 '센트룸', 파우더 제형 멀티비타민 출시"
센트룸,뉴스,"Thu, 21 May 2026 11:00:00 +0900",분말·필름 등 '제형 차별화'로 현대인 건강 챙긴다
센트룸,뉴스,"Thu, 21 May 2026 10:18:00 +0900","헤일리온, 센트룸 파우더형 면역 건강 신제품 출시"
센트룸,뉴스,"Thu, 21 May 2026 09:46:00 +0900","센트룸, 리포좀 비타민C 담은 '이뮨 부스트 데일리 프로텍션 C' 출시"
센트룸,뉴스,"Thu, 21 May 2026 09:46:00 +0900","센트룸, 멀티비타민 신제품 '이뮨 부스트 데일리 프로텍션 C' 출시"
센트룸,뉴스,"Thu, 21 May 2026 09:41:00 +0900","[바이오스냅] 센트룸, 파우더 제형 멀티비타민 신제품 출시"
센트룸,뉴스,"Thu, 21 May 2026 09:26:00 +0900","&quot;하루 한 포&quot;…센트룸, 면역 건강관리 신제품 출시"
센트룸,뉴스,"Thu, 21 May 2026 09:04:00 +0900","센트룸, 파우더형 비타민으로 면역 케어 시장 공략"
센트룸,뉴스,"Thu, 21 May 2026 09:02:00 +0900","센트룸, 면역 비타민 '이뮨 부스트 데일리 프로텍션 C' 출시"
센트룸,뉴스,"Tue, 19 May 2026 15:46:00 +0900",K뷰티 다음 축은 '먹는 화장품'…코스맥스·콜마 또 주도권
센트룸,뉴스,"Thu, 14 May 2026 06:02:00 +0900","헤일리온, '정밀영양·데이터·CSR' 컨슈머 패러다임 선도"
센트룸,뉴스,"Tue, 12 May 2026 13:54:00 +0900",[Q1 분석] &quot;매출 정체 속 '이익 체질' 대폭 개선&quot; 콜마비앤에이치 &quot;주가...
센트룸,뉴스,"Fri, 08 May 2026 08:30:00 +0900",“종합비타민 2년 먹었더니 노화 늦춰져”…과학적 근거 나왔다
센트룸,뉴스,"Thu, 07 May 2026 18:04:00 +0900",50세 이상 성인用 ‘센트룸’ 캐나다시장서 발매
센트룸,뉴스,"Sun, 03 May 2026 09:54:00 +0900","사브 CEO &quot;우크라이나 그리펜 계약, 수개월 내 체결 기대&quot;…100~150대 규모"
센트룸,뉴스,"Sat, 02 May 2026 10:01:00 +0900",가정의 달 앞두고 제약사 ‘건기식 승부수’…선물 수요 잡기 경쟁
센트룸,뉴스,"Thu, 30 Apr 2026 12:38:00 +0900","비타민 제품 2026년 4월 브랜드평판...고려은단, 솔가, 종근당건강 順"
센트룸,뉴스,"Thu, 30 Apr 2026 11:20:00 +0900","고려은단 비타민, 브랜드평판 2026년 4월 1위…솔가·종근당건강 뒤이어"
센트룸,뉴스,"Thu, 30 Apr 2026 08:40:00 +0900","고려은단, 4월 비타민 제품 브랜드평판 빅데이터 결과...1위"
센트룸,뉴스,"Thu, 30 Apr 2026 07:24:00 +0900","비타민 제품 브랜드평판 4월 빅데이터 분석... 1위 고려은단 비타민, 2위..."
센트룸,뉴스,"Tue, 28 Apr 2026 04:21:00 +0900",가정의학과 의사들 꼭 먹는 영양제는 ‘비타민’… 자녀에겐 뭐 챙겨주...
센트룸,뉴스,"Mon, 27 Apr 2026 18:30:00 +0900","한교연, ‘이슬람 땅서 꽃피운 개신교’… 인도네시아 마나도서 워크숍"
센트룸,뉴스,"Mon, 27 Apr 2026 10:01:00 +0900",&quot;센트룸·센소다인 신제품 출격 대기…한국 성장 정조준&quot;[인터뷰]
센트룸,뉴스,"Mon, 27 Apr 2026 06:02:00 +0900",헤일리온 소비자와 소통…'센트룸 데이' 건강 이야기 확장
센트룸,뉴스,"Thu, 23 Apr 2026 20:36:00 +0900",[브리프] G마켓 SSG닷컴 세븐일레븐 GS25 外
센트룸,뉴스,"Thu, 23 Apr 2026 20:32:00 +0900","G마켓, 월 2,900원 멤버십 출시…적립액 부족 시 차액 보상"
센트룸,뉴스,"Thu, 23 Apr 2026 17:30:00 +0900","G마켓, 월 2900원 '꼭 멤버십' 정식 론칭···헤비쇼퍼 공략 본격화"
센트룸,뉴스,"Thu, 23 Apr 2026 17:08:00 +0900","﻿G마켓, '꼭 멤버십' 정식 론칭…혜택 단계 강화한다"
센트룸,뉴스,"Thu, 23 Apr 2026 16:22:00 +0900","G마켓, ‘꼭 멤버십’ 출격…더블 적립·SSG닷컴 연계 혜택"
센트룸,뉴스,"Thu, 23 Apr 2026 15:24:00 +0900","G마켓, ‘꼭 멤버십’ 론칭...고객 락인 효과 기대"
센트룸,뉴스,"Thu, 23 Apr 2026 15:18:00 +0900","G마켓, 꼭 멤버십 정식 론칭과 함꼐 진행하는 프로모션 내용은?"
센트룸,뉴스,"Thu, 23 Apr 2026 14:18:00 +0900",가정의 달 5월 '성큼'…세대별 수요 공략 '선물용 건강기능식품' 라인업...
센트룸,뉴스,"Thu, 23 Apr 2026 14:15:00 +0900",G마켓 '꼭 멤버십' 론칭…&quot;오픈 기념 더블적립 혜택&quot;
센트룸,뉴스,"Thu, 23 Apr 2026 13:36:00 +0900",G마켓 '꼭 멤버십' 론칭
센트룸,뉴스,"Thu, 23 Apr 2026 12:06:00 +0900",[유통가 레이더] 런치플레이션엔 역시 '혜자'... GS25 '김혜자 간편식' ...
센트룸,뉴스,"Thu, 23 Apr 2026 11:24:00 +0900","센트룸, 네이버 ‘가정의달+세일’ 기획전 진행"
센트룸,뉴스,"Thu, 23 Apr 2026 11:16:00 +0900",가정의 달 앞두고 ‘건강 선물’ 기획전…비타민·유산균·수면용품 할...
센트룸,뉴스,"Thu, 23 Apr 2026 10:48:00 +0900","G마켓, ‘꼭 멤버십’ 론칭… 오픈 기념 5%+5% 더블적립 혜택"
센트룸,뉴스,"Thu, 23 Apr 2026 10:32:00 +0900","G마켓, ‘꼭 멤버십’ 론칭…‘5%+5%’ 더블 적립 이벤트 진행"
센트룸,뉴스,"Thu, 23 Apr 2026 10:32:00 +0900","센트룸, 네이버 '가정의달+세일' 기획전 진행"
센트룸,뉴스,"Thu, 23 Apr 2026 10:22:00 +0900","G마켓, ‘꼭 멤버십’ 출시…오픈 기념 더블적립"
센트룸,뉴스,"Thu, 23 Apr 2026 10:20:00 +0900","G마켓, 꼭 멤버십 출격…SSG닷컴 연계로 혜택 강화"
센트룸,뉴스,"Thu, 23 Apr 2026 10:18:00 +0900","G마켓, ‘꼭 멤버십’ 출시…SSG닷컴과 연계 강화"
센트룸,뉴스,"Thu, 23 Apr 2026 09:54:00 +0900","센트룸, 네이버 ‘가정의달+세일’ 기획전 진행"
센트룸,뉴스,"Thu, 23 Apr 2026 09:45:00 +0900","지마켓, '꼭 멤버십' 출시…&quot;6일 간 적립 2배&quot;"
센트룸,뉴스,"Thu, 23 Apr 2026 09:36:00 +0900","센트룸, 네이버 '가정의 달' 기획전...최대 28% 할인"
센트룸,뉴스,"Thu, 23 Apr 2026 08:48:00 +0900","G마켓, '꼭 멤버십' 론칭...업계 최초 '차액보상' 부담 ↓"
센트룸,뉴스,"Thu, 23 Apr 2026 08:40:00 +0900","[유통갤러리] G마켓, ‘꼭 멤버십’ 론칭 外"
센트룸,뉴스,"Thu, 23 Apr 2026 08:37:00 +0900","G마켓, '꼭 멤버십' 정식 론칭…오픈 기념 더블 적립 혜택"
고려은단,블로그,20260828,매일 챙기는 건강루틴! -고함량 비타민C 고려은단 &quot;메가도스C 3000mg&quot;....
고려은단,블로그,20260828,고려은단 관절올케어 부모님선물로 준비해요
고려은단,블로그,20260828,가성비 좋은 고려은단 리포좀 비타민 C 성분 알아봤어요
고려은단,블로그,20260828,고려은단 메가도스C 비타민C 3000mg 하루 1포 고함량 비타민C 섭취 후....
고려은단,블로그,20260828,고려은단퓨어알티지오메가3 체감 전과 후 관리의 차이
고려은단,블로그,20260828,고려은단 홍삼은단12g 건강 보조 선택하는 법과 1인 가구의 필수 기....
고려은단,블로그,20260828,고려은단비타민C1000으로 건강 챙기기 쉬워요
고려은단,블로그,20260828,고려은단 비타민C 1000 이지 플러스 비타민D 구매 전 체크 가이드
고려은단,블로그,20260828,비타오백박스로 건강한 하루 시작하기 꿀팁 모음
고려은단,블로그,20260828,고려은단 퓨어 밀크씨슬 구매 전 6개월분 체크 가이드
고려은단,블로그,20260828,"고려은단 관절올케어 콘드로이친,MSM,NAG 영양제 추천 후기"
고려은단,블로그,20260828,[내돈내산] 만성피로 박살 내는 최강 조합! 장사의신 아르기닌 맥스 ....
고려은단,블로그,20260827,"나에게 딱 맞는 고함량 비타민, 고려은단 메가도스 비타민C 3000mg부...."
고려은단,블로그,20260827,고려은단 비타민C 1000 180정 가격과 특징｜쇼핑백까지 포함된 비타민....
고려은단,블로그,20260827,고려은단 비타민C 1000 이지+D 구매 전 확인할 점
고려은단,블로그,20260827,30대 중반 여자의 메가도스 3000 후기｜피부 때문에 샀다가 너무 셔서....
고려은단,블로그,20260827,고려은단 메가도스C 비타민C 2000mg 후기｜하루 한 포로 간편하게 챙....
고려은단,블로그,20260827,고려은단 비타민C 1000 효능과 복용법 직접 먹어본 비타민씨 영양제 ....
고려은단,블로그,20260827,닥터파이토 vs 고려은단 루테인 아스타잔틴 — 만원 차이면 성분이 ....
고려은단,블로그,20260827,비타오백으로 활력 채우는 건강한 하루 시작하기
고려은단,블로그,20260827,"하루 한 알로 챙기는 비타민C, 고려은단 1000 180정 4개"
고려은단,블로그,20260827,고려은단 멀티비타민 올인원 아이 영양 챙김에 적절한 가격구성과 ....
고려은단,블로그,20260827,비타민C고려은단으로 건강한 하루를 시작하세요
고려은단,블로그,20260827,[비타민C] 고려은단 비타민C 1000
고려은단,블로그,20260827,실제로 먹어본 고려은단 관절 올케어 콘드로이친 MSM NAG 30포 얼마인....
고려은단,블로그,20260827,&quot;활력 넘치는 하루의 시작! 고려은단 비타민C 1000 + 쇼핑백 (180정) 원....
고려은단,블로그,20260827,비타민D 추천 인기 제품 5종 비교 — 종근당 고려은단 솔가 나우푸드....
고려은단,블로그,20260827,고려은단 비타민C 추천｜캡슐형으로 바꾼 후기
고려은단,블로그,20260827,"고려은단 메가도스C 내돈내산 후기, 피로할 때 챙겨 먹는 비타민C 추...."
고려은단,블로그,20260827,믿고 먹는 고려은단 루테인 지아잔틴 아스타잔틴 얼마인지 알아봤....
고려은단,블로그,20260827,바쁘다 바빠~ 일상~~
고려은단,블로그,20260827,고려은단 관절올케어 관절 건강을 위한 3중 복합 기능성분
고려은단,블로그,20260827,"고려은단 멀티비타민, 하루 1정으로 건강 챙겼어요"
고려은단,블로그,20260827,요즘 내가 챙겨 먹는 영양제｜고려은단 메가도스C 3000 &amp; 비타민D 4000I....
고려은단,블로그,20260826,고려은단비타민으로 건강 챙기기 좋은 선택
고려은단,블로그,20260826,비타민C 정보를 찾고 계신다면 고려은단 1000 제품 구성을 직접 비교....
고려은단,블로그,20260826,[내돈내산] 메가도스 비타민C
고려은단,블로그,20260826,하루 종일 스마트폰과 PC를 본다면? 고려은단 루테인 지아잔틴 아스....
고려은단,블로그,20260826,고함량 비타민 영양제 추천 고려은단 메가도스C
고려은단,블로그,20260826,"유산균 추천 TOP5, 락토핏·고려은단·BYO·락피도·나우푸드 비교"
고려은단,블로그,20260826,다이소 밀크씨슬 5천원이라 싼 줄 알았는데? 고려은단과 1알 가격·....
고려은단,블로그,20260826,루테인 어떤 점을 봐야 할지 고민된다면 고려은단 지아잔틴 아스타....
고려은단,블로그,20260826,맛없어 죽는 줄 알았는데 진짜 효과좋음! 고려은단 메가도스C 비타....
고려은단,블로그,20260826,영양제 추천  네이처메이드 웰블렌즈 면역 &amp; 에너지 울트라 마그네....
고려은단,블로그,20260826,고려은단비타민C로 건강 챙기기 쉽게 선택하기
고려은단,블로그,20260826,고려은단관절올케어 콘드로이친·MSM·NAG 관절건강기능식품 부모님....
고려은단,블로그,20260826,26. 8. 26. [오늘만 쿠팡 추천 꿀 아이템] 고려은단 멀티비타민 올인원 ....
고려은단,블로그,20260826,"40대부터 달라지는 관절 관리, 고려은단 관절올케어로 시작한 체계...."
고려은단,블로그,20260826,네이버 멤버십 데이 오늘배송 비타민C 매일두유 내돈내산 영양제
고려은단,블로그,20260826,매일 챙겨도 끄떡없는 고려은단 메가도스C 비타민C 3000 X 섭취 후기 ....
고려은단,블로그,20260825,[내돈내산] '고려은단 메가도스D' 후기
고려은단,블로그,20260825,"고려은단 비타민C 1000 고함량 영양제 고르는 기준과 300정 솔직 후기,...."
고려은단,블로그,20260825,부모님선물 콘드로이친건강기능식품으로 딱! 고려은단 관절 올케어
고려은단,블로그,20260825,고려은단 관절올케어 콘드로이친 관절건강기능식품 부모님선물
고려은단,블로그,20260825,ai수익연구소 138탄 중장년층관절올케어
고려은단,블로그,20260825,"고려은단 리스펙타 질유산균, 하루 1캡슐로 질 건강·장 건강 함께 ...."
고려은단,블로그,20260825,"고려은단 비타민C 메가도스 3000mg 먹는법, 맨입에 털어넣었다가 결국...."
고려은단,블로그,20260825,"부모님과 함께 챙기는 관절건강기능식품, 고려은단 관절올케어"
고려은단,블로그,20260825,6개월분 멀티비타민으로 남성 영양 고민 한 번에 챙긴 솔직 후기
고려은단,블로그,20260825,"고려은단 메가도스C 3000, 먹기 전에 확인해야 할 부작용 총정리"
고려은단,블로그,20260825,부모님 선물 추천 고려은단관절올케어 콘드로이친1200 함유 관절건....
고려은단,블로그,20260825,"부모님선물 추천, 고려은단 관절 올케어 콘드로이친·MSM·NAG 엄마를 ...."
고려은단,블로그,20260825,관절건강기능식품 고려은단 관절올케어 콘드로이친·MSM·NAG
고려은단,블로그,20260825,종합비타민 찾고 계신다면 고려은단 멀티비타민 올인원 우먼 구매 ....
고려은단,블로그,20260825,ai수익연구소136탄 눈건강 챙기기
고려은단,블로그,20260825,고려은단 관절올케어 콘드로이친 MSM NAG를 한 번에 챙기는 관절건강....
고려은단,블로그,20260825,"고려은단 관절 올케어 성분, 복합이니까 효과 더 좋을까?"
고려은단,블로그,20260825,알티지오메가3 추천 제품 비교 및 효능: 프로메가 고려은단 완벽 정....
고려은단,블로그,20260824,"관절건강기능식품 추천, 고려은단 관절올케어 콘드로이친ㆍMSMㆍNAG"
고려은단,블로그,20260824,부모님선물추천 고려은단관절올케어 관절건강기능식품
고려은단,블로그,20260824,"고려은단 관절올케어 후기, 부모님 선물로 좋은 관절건강기능식품 ...."
고려은단,블로그,20260824,고려은단 관절 올케어 콘드로이친. MSM. NAG 관절건강기능식품추천
고려은단,블로그,20260824,"16% 할인! 관절 건강 챙기고 싶다면? 고려은단 올케어 콘드로이친 49,9...."
고려은단,블로그,20260824,고려은단 관절올케 콘드로이친과 함께 챙기는 관절건강
고려은단,블로그,20260824,관절 건강기능식품 고려은단 콘드로이친
고려은단,블로그,20260824,"면역케어 고려은단 비타민C 분말스틱, 120g, 2개 베스트 1위형 솔직후...."
고려은단,블로그,20260824,직장인이 직접 사 먹어본 고려은단 관절올케어 후기 한달 효과
고려은단,블로그,20260824,"고려은단관절올케어 후기, 고려은단콘드로이친 관절건강기능식품 ...."
고려은단,블로그,20260824,관절연골엔 고려은단 관절올케어 콘드로이친 챙겨요
고려은단,블로그,20260824,고민되는 관절 연골엔 고려은단  관절올케어
고려은단,블로그,20260824,관절건강기능식품 추천 고려은단관절올케어 콘드로이친1200
고려은단,블로그,20260824,관절건강기능식품 고려은단 관절올케어 콘드로이친ㆍMSMㆍNAG
고려은단,블로그,20260824,고려은단 관절올케어 콘드로이친 후기｜부모님 관절 건강을 위해 ....
고려은단,블로그,20260824,고려은단 관절올케어 콘드로이친 무릎 안 좋으신 부모님선물 추천
고려은단,블로그,20260824,"고려은단관절올케어 후기, 고려은단콘드로이친 관절건강기능식품"
고려은단,블로그,20260824,관절건강기능식품추천 고민이라면? 고려은단 관절올케어 콘드로이....
고려은단,블로그,20260824,"고려은단 관절올케어, 사회복지사가 먼저 시작한 관절 건강 관리"
고려은단,블로그,20260824,고려은단 관절올케어 내돈내산 후기 (콘드로이친 MSM NAG 두 달 챙겨....
고려은단,블로그,20260824,고려은단 메가도스D 비타민D 4000IU 내돈내산 후기｜하루 1정 고함량 ....
고려은단,블로그,20260824,[고려은단 비타민B] 성분·효능·구내염 완화 후기 총정리
고려은단,블로그,20260824,고려은단 관절올케어 콘드로이친 MSM NAG 하나로 부모님선물 끝
고려은단,블로그,20260824,"요즘 많이 쓰는 고려은단 허니 앤 유자 비타민C, 140ml, 40개 일상에서 ...."
고려은단,블로그,20260824,고려은단관절올케어 부모님선물 좋은 콘드로이친건강기능식품
고려은단,블로그,20260824,관절 건강기능식품 추천 부모님선물추천 고려은단 관절 올케어
고려은단,블로그,20260824,안산 고려은단 대형실링팬 설치사례 : 제조현장 공기순환 개선
고려은단,블로그,20260824,"고려은단 관절올케어 콘드로이친, MSM, NAG 건강기능식품 부모님선물"
고려은단,블로그,20260824,[내돈내산] 고려은단 메가도스C3000 솔직 후기/2달 복용 후 느낀 피부 ....
고려은단,블로그,20260824,비타민씨 꿀템
고려은단,블로그,20260824,[고려은단비타민C1000] 유재석이 관고하는 원료까지 생각한 항산화 ....
고려은단,블로그,20260824,메가도스 B 비타민 컴플렉스
고려은단,카페글,,키성장 젤리스틱 이번 이벤트 구성이 좋네요ㅎㅎ
고려은단,카페글,,둘째 키성장 영양제는 좀 일찍 챙겨보려구요
고려은단,카페글,,고려은단 관절올케어 저도 부모님도 같이 챙기고 있어요
고려은단,카페글,,부모님 관절영양제 찾다가 고려은단 관절올케어 알게 됐어요
고려은단,카페글,,오늘 코엑스 갔다가
고려은단,카페글,,CPHI/Hi Korea 2026 갔다가 반가운 이름이 ㅋ
고려은단,카페글,,CPHI/Hi Korea 2026 마지막 날이라 다녀왔어요~
고려은단,카페글,,CPHI/Hi Korea 2026 다녀오신분 계세요~?
고려은단,카페글,,"고려은단 뼈건강 칼마디+K2 칼슘 마그네슘 비타민D 비타민K2, 60정, 1개 16,730...."
고려은단,카페글,,비타민 메가도스 샷 이문 도착_
고려은단,카페글,,"고려은단 비타민요, 뭐가 나을까요?"
고려은단,카페글,,고려은단 비타민C 1000 이지+비타민D 120정 6900원이에요
고려은단,카페글,,고려은단 비타민의 효과 지속시간과 올바른 섭취법
고려은단,카페글,,고려은단 비타민C3000mg
고려은단,카페글,,키성장 젤리스틱 혜택 있을 때 구매했어요
고려은단,카페글,,키성장 영양제 드디어 잘 먹는 걸 찾았네요
고려은단,카페글,,관절영양제 비교해보니 고려은단 관절올케어가 괜찮네요
고려은단,카페글,,콘드로이친 먹을까 고민하다 고려은단 관절올케어 주문했어요
고려은단,카페글,,마트 가서 눈에 띄는 고려은단 메가도스 이뮨
고려은단,카페글,,오늘 다녀온 CPHI/Hi Korea 2026 잼있었어요~
고려은단,카페글,,온가족이 같이 먹을수 있는 영양제 추천해 주세요
고려은단,카페글,,고려은단 퓨어 밀크씨슬 63g 특가할인 역대급 핫딜 정보!
고려은단,카페글,,CPHI/Hi Korea 2026 구경 갔다 왔어요~
고려은단,카페글,,코엑스에서 CPHI/Hi Korea 2026 개최중이네요 ~
고려은단,카페글,,코엑스 CPHI/Hi Korea 2026 다녀왔네요~
고려은단,카페글,,코엑스 CPHI/Hi Korea 2026 행사에 방문했는데
고려은단,카페글,,오늘 코엑스 갔다가~
고려은단,카페글,,CPHI/Hi Korea 2026 방문기
고려은단,카페글,,CPHI/Hi Korea 2026 행사 혹시 가보셨나요~?
고려은단,카페글,,CPHI/Hi Korea 2026 컨퍼런스 개최중 ! (~8/27)
고려은단,카페글,,고려은단마그네슘 먹는데 잠은 그대로네요
고려은단,카페글,,고려은단 유산균 정말?
고려은단,카페글,,아이가 요즘 키 얘기를 자주 해서 챙겨주고 있어요
고려은단,카페글,,어린이 키성장 미리 챙겨주는 게 낫겠죠?
고려은단,카페글,,고려은단 관절올케어 부모님도 만족하시네요!
고려은단,카페글,,관절영양제 고민하다 고려은단 관절올케어로 시작했어요
고려은단,카페글,,부모님 콘드로이친 제품 고민 끝에 고려은단 관절올케어 골랐어요
고려은단,카페글,,"고려은단 비타민C 1000 플러스, 100ml, 80개 비교 필수"
고려은단,카페글,,"고려은단 홍삼은단, 5개, 12g 강추 이유 / 안 사면 후회"
고려은단,카페글,,고려은단 메가도스C 3000 속쓰려요ㅠㅠ
고려은단,카페글,,[인기순위] 멀티비타민 TOP 10 추천
고려은단,카페글,,고려은단 비타민C1000 이지+ 비타민D [180정]
고려은단,카페글,,"((완료)) 고려은단 메가도스C 3,000mg x 110포"
고려은단,카페글,,고려은단 비타민C랑 비타민D 같이 먹어도 되나요?
고려은단,카페글,,키성장 젤리스틱 이벤트 괜찮길래 저도 샀어용
고려은단,카페글,,아이 키성장 지금부터라도 챙겨보려구요
고려은단,카페글,,키성장 영양제 맛 때문에 바꿨는데 성공했어요ㅋㅋ
고려은단,카페글,,콘드로이친 제품 비교하다 고려은단 관절올케어로 결정했어요~
고려은단,카페글,,관절영양제 찾다가 고려은단 관절올케어 주문했어요
고려은단,카페글,,고려은단 관절올케어 부모님께 선물했는데 좋아하시네요
고려은단,카페글,,"고려은단 이너뷰티 트리플케어 알로에 콜라겐 히알루론산, 꾸밈없는 솔직...."
고려은단,카페글,,"고려은단 쏠라C구미 샤인머스캣맛, 꾸밈없는 솔직담백 구매후기"
고려은단,카페글,,"고려은단 쏠라C구미 레몬맛, 꾸밈없는 솔직담백 구매후기"
고려은단,카페글,,"고려은단 석류콜라겐 젤리스틱 저분자피쉬콜라겐, 꾸밈없는 솔직담백 구매...."
고려은단,카페글,,"고려은단 그린 프로폴리스 츄어블정, 꾸밈없는 솔직담백 구매후기"
고려은단,카페글,,"고려은단 쏠라C 젤리스틱, 꾸밈없는 솔직담백 구매후기"
고려은단,카페글,,"고려은단 퓨어 홍삼, 꾸밈없는 솔직담백 구매후기"
고려은단,카페글,,"고려은단 밸런스케어 에너지바 저당, 꾸밈없는 솔직담백 구매후기"
고려은단,카페글,,"고려은단 글루콘산 마그네슘 액상스틱, 꾸밈없는 솔직담백 구매후기"
고려은단,카페글,,"고려은단 멀티비타민 구미, 꾸밈없는 솔직담백 구매후기"
고려은단,카페글,,고려은단 비타민C 핫딜 떴네요
고려은단,카페글,,키성장 영양제 먹이기 편한걸로 골랐어용
고려은단,카페글,,키성장 젤리스틱 지금 사면 증정품도 주네요
고려은단,카페글,,어린이 키성장 은근 신경쓰이네요ㅠㅠ
고려은단,카페글,,관절영양제 안 먹었는데 고려은단 관절올케어 사봤어요
고려은단,카페글,,먹던 콘드로이친 다 먹어서 고려은단 관절올케어로 바꿔봤어요
고려은단,카페글,,부모님 관절영양제 고려은단 관절올케어로 바꿔드렸어요
고려은단,카페글,,솔라 궁금한 점이 있다면 고려은단 쏠라C 정 블루베리맛 후기를 살펴보고 ....
고려은단,카페글,,"고려은단 쏠라C 정 블루베리맛, 80정, 4개 가성비 최고 + 강추"
고려은단,카페글,,"고려은단 관절 올케어 콘드로이친 MSM NAG [콘드로이친 1200mg] 30포, 107.25g, 1개 ...."
고려은단,카페글,,"고려은단 신바이오틱스 프로바이오틱스 &amp; 프리바이오틱스 30p, 150g, 3개 솔직...."
고려은단,카페글,,"고려은단 안심뇨, 꾸밈없는 솔직담백 구매후기"
고려은단,카페글,,"고려은단 메가도스 B7 활성 비오틴, 꾸밈없는 솔직담백 구매후기"
고려은단,카페글,,"고려은단 허니 앤 유자 비타민C, 꾸밈없는 솔직담백 구매후기"
고려은단,카페글,,"고려은단 면역케어 비타민C 분말스틱, 꾸밈없는 솔직담백 구매후기"
고려은단,카페글,,"고려은단 신바이오틱스 프로바이오틱스 &amp; 프리바이오틱스, 꾸밈없는 솔직...."
고려은단,카페글,,"고려은단 홍삼은단, 꾸밈없는 솔직담백 구매후기"
고려은단,카페글,,"고려은단 쏠라C 정 블루베리맛, 꾸밈없는 솔직담백 구매후기"
고려은단,카페글,,"고려은단 리포좀 비타민C, 꾸밈없는 솔직담백 구매후기"
고려은단,카페글,,"고려은단 메가도스C 비타민C 1000mg, 꾸밈없는 솔직담백 구매후기"
고려은단,카페글,,"고려은단 비타민C1000 스파클링 제로, 꾸밈없는 솔직담백 구매후기"
고려은단,카페글,,임신 영양제 고려은단 메가도스C 비타민C
고려은단,카페글,,"고려은단 루테인 지아잔틴 아스타잔틴, 60정, 1개 20,020원"
고려은단,카페글,,고려은단 비타민씨
고려은단,카페글,,하루 두 알로 완성하는 뼈 건강과 면역력 고려은단 비타민C 1000 이지 비타민....
고려은단,카페글,,고려은단 비타민C 1000 300정 영국산 원료 명절 선물 영양제
고려은단,카페글,,gs샵/tv상품 쿠폰 적용) 고려은단 이지 비타민c+d 120정 2개월분 6848원
고려은단,카페글,,비타민 선택: 고려은단 멀티비타민과 비타민C 비교
고려은단,카페글,,바쁜 현대인을 위한 필수템 고려은단 비타민C 1000 이지 비타민D 찐 후기
고려은단,카페글,,오랜만에 빈아님 스케줄 올려요
고려은단,카페글,,고려은단루테인 계속 먹어야 하나 고민돼요
고려은단,카페글,,어린이 키성장 신경쓰여서 미리 챙기려구요
고려은단,카페글,,키성장 영양제 고민하다 고려은단으로 골랐어요!
고려은단,카페글,,콘드로이친 고민하다 고려은단 관절올케어로 시작했어요
고려은단,카페글,,고려은단 관절올케어 성분 보고 주문하게 됐어요
고려은단,카페글,,피로와 면역력 걱정 끝 고려은단 비타민C 1000 이지 비타민D로 활력 되찾으세....
고려은단,카페글,,"고려은단 비타민C 1000 이지+ 비타민D 108g, 180정, 1개 15,640원"
고려은단,카페글,,고려은단식물성오메가3 고민입니다 ㅠㅠ
고려은단,카페글,,고려은단 비타민C
고려은단,카페글,,오메가3고려은단 고민입니다 ㅠㅠ
고려은단,뉴스,"Fri, 28 Aug 2026 10:02:00 +0900","고려은단, 8월 건강기능식품 브랜드평판 1위…KT&amp;G·유한양행 채권 뒤이..."
고려은단,뉴스,"Fri, 28 Aug 2026 08:34:00 +0900","고려은단, 건강기능식품 브랜드평판 8월 빅데이터 1위... KT&amp;G·유한양행..."
고려은단,뉴스,"Fri, 28 Aug 2026 08:28:00 +0900","고려은단, 8월 건기식 브랜드평판 1위 유지…KT&amp;G·유한양행 뒤이어"
고려은단,뉴스,"Fri, 28 Aug 2026 06:54:00 +0900","건강기능식품 브랜드평판 8월 빅데이터 분석...1위 고려은단, 2위 KT&amp;G, 3..."
고려은단,뉴스,"Fri, 28 Aug 2026 05:54:00 +0900","[브랜드평판] 고려은단, 건강기능식품 8월 1위... KT&amp;G, 유한양행 뒤이어"
고려은단,뉴스,"Sat, 22 Aug 2026 07:05:00 +0900","“폭염 끝자락엔 건강식품, 가을 앞두곤 꽃게·가구”…주말 장바구니 ..."
고려은단,뉴스,"Sat, 22 Aug 2026 06:00:00 +0900",건강식품부터 한우·가을 패션까지…주말 쇼핑 혜택 풍성[주말e커머스]
고려은단,뉴스,"Thu, 20 Aug 2026 12:44:00 +0900","[제약·바이오 트렌드] 고려은단, 19일 네이버 브랜드데이 진행… 여름..."
고려은단,뉴스,"Wed, 19 Aug 2026 18:20:00 +0900","고려은단, 네이버 브랜드데이 진행…관절·비타민·유산균 할인 혜택"
고려은단,뉴스,"Wed, 19 Aug 2026 11:08:00 +0900","고려은단, 여름철 건강관리 수요 겨냥해 관절·활력·장 건강 제품군 강..."
고려은단,뉴스,"Wed, 19 Aug 2026 10:44:00 +0900","고려은단, 19일 네이버 브랜드데이…'관절 올케어' 공개"
고려은단,뉴스,"Wed, 19 Aug 2026 10:38:00 +0900","고려은단, 19일 '네이버 브랜드데이' 진행"
고려은단,뉴스,"Wed, 19 Aug 2026 09:52:00 +0900","고려은단, 네이버 브랜드스토어 '브랜드데이'…건기식 할인 혜택"
고려은단,뉴스,"Wed, 19 Aug 2026 09:13:00 +0900","[제약브리핑] 유한양행 버들장터, '브랜드 위크' 진행 외"
고려은단,뉴스,"Wed, 19 Aug 2026 08:28:00 +0900","고려은단, 19일 네이버 브랜드데이...여름철 건기식 망라"
고려은단,뉴스,"Wed, 19 Aug 2026 08:18:00 +0900","고려은단, 브랜드데이 진행…여름철 주요 건기식 할인"
고려은단,뉴스,"Mon, 17 Aug 2026 16:44:00 +0900","고려은단, ‘미스터트롯3’ 초청콘서트 티켓 증정 이벤트 진행"
고려은단,뉴스,"Mon, 17 Aug 2026 08:02:00 +0900",[핀포인트] [아모레퍼시픽그룹] 신성장 동력 웰니스…건기식 사업 축소...
고려은단,뉴스,"Sun, 16 Aug 2026 11:50:00 +0900","고려은단, '미스터트롯3 초청콘서트' 티켓 증정 이벤트"
고려은단,뉴스,"Thu, 13 Aug 2026 17:56:00 +0900","고려은단, ‘미스터트롯3 초청콘서트’ 연계 소비자 이벤트 진행"
고려은단,뉴스,"Thu, 13 Aug 2026 13:20:00 +0900","고려은단, '관절 올케어' 구매 고객에 미스터트롯3 티켓 증정"
고려은단,뉴스,"Thu, 13 Aug 2026 11:58:00 +0900","손빈아·천록담 보러 간다…고려은단, '미스터트롯3' 초청 콘서트 500석..."
고려은단,뉴스,"Thu, 13 Aug 2026 09:02:00 +0900",손빈아·천록담·춘길 만날 기회...'미스터트롯3 초청콘서트' 열린다
고려은단,뉴스,"Thu, 06 Aug 2026 18:14:00 +0900","고려은단, 신성과 쇼핑라이브 진행…여름철 건강관리 제품 소개"
고려은단,뉴스,"Thu, 06 Aug 2026 14:36:00 +0900","고려은단, 라이브커머스로 소비자 접점 확대"
고려은단,뉴스,"Thu, 06 Aug 2026 13:18:00 +0900","고려은단, 네이버 쇼핑라이브 개최…가수 신성과 여름 건기식 특가 선봬"
고려은단,뉴스,"Thu, 06 Aug 2026 11:06:00 +0900","고려은단, 트로트 가수 '신성'과 네이버 쇼핑라이브 켠다"
고려은단,뉴스,"Thu, 06 Aug 2026 09:16:00 +0900","고려은단, 트로트 가수 신성과 네이버 쇼핑라이브 진행"
고려은단,뉴스,"Thu, 06 Aug 2026 08:58:00 +0900","고려은단, 신성과 네이버 쇼핑라이브…여름 건강관리 제품 선봬"
고려은단,뉴스,"Sun, 02 Aug 2026 10:10:00 +0900",'제로 열풍' 차별화 경쟁 본격화...맛·기능·경험 담은 음료 제안
고려은단,뉴스,"Sun, 02 Aug 2026 10:00:00 +0900",부담은 덜어내고 영양 더한 식품 '인기'[이거 먹어볼까]
고려은단,뉴스,"Fri, 31 Jul 2026 23:54:00 +0900",고려은단·동화약품·할리스...건강X청량감 잡는 여름 음료 제안
고려은단,뉴스,"Fri, 31 Jul 2026 13:30:00 +0900","비타민 제품 2026년 7월 브랜드평판...고려은단, 얼라이브, 종근당건강 ..."
고려은단,뉴스,"Fri, 31 Jul 2026 10:34:00 +0900","고려은단 비타민, 제품 브랜드평판 1위…얼라이브·종근당건강 뒤이어"
고려은단,뉴스,"Fri, 31 Jul 2026 10:20:00 +0900",제로 음료도 '스펙 경쟁'
고려은단,뉴스,"Fri, 31 Jul 2026 08:52:00 +0900","고려은단, 7월 비타민 브랜드평판 1위…'얼라이브·종근당건강' 뒤따라"
고려은단,뉴스,"Fri, 31 Jul 2026 08:04:00 +0900","고려은단, 비타민 제품 브랜드평판 2026년 7월...1위"
고려은단,뉴스,"Fri, 31 Jul 2026 06:54:00 +0900","고려은단 1위 지켰다…얼라이브 273% 급등, 비타민 브랜드 판도 흔들었..."
고려은단,뉴스,"Fri, 31 Jul 2026 06:12:00 +0900","[브랜드평판] 고려은단, 비타민 제품 7월 1위···얼라이브·종근당건강..."
고려은단,뉴스,"Thu, 30 Jul 2026 17:28:00 +0900","고려은단, 제로음료에 비타민·기능성 더했다…'고려은단 비타민C 1000 스..."
고려은단,뉴스,"Tue, 28 Jul 2026 12:30:00 +0900","건강기능식품 2026년 7월 브랜드평판...유한양행, 고려은단, 일동제약 順"
고려은단,뉴스,"Tue, 28 Jul 2026 10:32:00 +0900","건강기능식품 브랜드평판 7월, 유한양행 1위…고려은단·일동제약 뒤이..."
고려은단,뉴스,"Tue, 28 Jul 2026 09:10:00 +0900",[빅데이터투데이] 건강기능식품 2026년 7월 브랜드평판 랭킹... 1위 유한...
고려은단,뉴스,"Tue, 28 Jul 2026 08:54:00 +0900","유한양행, 7월 건강기능식품 브랜드평판 1위...'고려은단·일동제약' 순"
고려은단,뉴스,"Tue, 28 Jul 2026 08:06:00 +0900","유한양행, 건강기능식품 브랜드평판 2026년 7월...1위"
고려은단,뉴스,"Tue, 28 Jul 2026 07:00:00 +0900",유한양행 16.63% 상승…건기식 시장서 브랜드 영향력 확대
고려은단,뉴스,"Tue, 28 Jul 2026 06:04:00 +0900","[브랜드평판] 유한양행, 건강기능식품 7월 1위···고려은단·일동제약..."
고려은단,뉴스,"Mon, 27 Jul 2026 18:52:00 +0900","&quot;음악으로 어린이에게 희망 전한다&quot;...한국컴패션, '블루웨이브 뮤직페..."
고려은단,뉴스,"Mon, 27 Jul 2026 17:28:00 +0900","브랜딥, AI 건강기능식품 브랜드 언급 순위 공개…분야별 차이"
고려은단,뉴스,"Mon, 27 Jul 2026 16:22:00 +0900",음악으로 전하는 희망…'블루웨이브 뮤직페스티벌' 열린다
고려은단,뉴스,"Mon, 27 Jul 2026 16:00:00 +0900","한국컴패션, 9월 11~12일 '블루웨이브 뮤직페스티벌 2026' 개최…음악으..."
고려은단,뉴스,"Mon, 27 Jul 2026 15:48:00 +0900","브랜딥, AI가 추천하는 건강기능식품 브랜드 순위 공개, 카테고리마다 ..."
고려은단,뉴스,"Mon, 27 Jul 2026 15:38:00 +0900","브랜딥, 생성형 AI의 건기식 브랜드 추천 순위 공개"
고려은단,뉴스,"Mon, 27 Jul 2026 13:26:00 +0900","[어린이뉴스] 강서구, '아이에게 딱 하나만 가르친다면, 자기 조절' 강의..."
고려은단,뉴스,"Mon, 27 Jul 2026 11:04:00 +0900","'음악이 만든 희망의 물결'…한국컴패션, 9월 '블루웨이브 뮤직페스티벌..."
고려은단,뉴스,"Mon, 27 Jul 2026 10:20:00 +0900",'블루웨이브 뮤직페스티벌 2026' 9월 개최...'YB·김연우·소란 참여
고려은단,뉴스,"Mon, 27 Jul 2026 09:18:00 +0900","컴패션, 9월 '블루웨이브 뮤직페스티벌 2026' 개최"
고려은단,뉴스,"Sun, 26 Jul 2026 17:48:00 +0900","&quot;폭염에 실내생활 늘자&quot;…식품업계, 시니어 맞춤 헬스케어 강화"
고려은단,뉴스,"Sat, 25 Jul 2026 07:20:00 +0900",[제약·바이오 트렌드] 대한민국 대표 K-유산균 '듀오락' 13년 연속 세계...
고려은단,뉴스,"Thu, 23 Jul 2026 18:28:00 +0900",폭염 길어지자 시니어 헬스케어 시장 확대…관절·영양·수분관리 제품...
고려은단,뉴스,"Thu, 23 Jul 2026 17:58:00 +0900",여름철 폭염·장마에 시니어 ‘맞춤형 헬스케어’ 제품 관심 고조
고려은단,뉴스,"Thu, 23 Jul 2026 17:24:00 +0900",무더위에 야외활동 ‘뚝’…시니어 맞춤형 건강관리 제품 잇따라
고려은단,뉴스,"Thu, 23 Jul 2026 16:40:00 +0900",무더위에 야외활동은 '뚝'… 시니어 건강관리는 '맞춤형 헬스케어'가 대...
고려은단,뉴스,"Tue, 21 Jul 2026 15:12:00 +0900","[제약·바이오 트렌드] 삼익제약, 환경·안전보건 국제표준 인증 신규 취..."
고려은단,뉴스,"Tue, 21 Jul 2026 15:00:00 +0900","고려은단, '콘드로이친황산염' 식약처 개별인정형 원료 승인"
고려은단,뉴스,"Tue, 21 Jul 2026 14:54:00 +0900","고려은단, '콘드로이친황산염' 식약처 개별인정형 원료 승인"
고려은단,뉴스,"Tue, 21 Jul 2026 13:24:00 +0900","고려은단, '콘드로이친황산염' 식약처 개별인정형 승인…국내 최다 15개..."
고려은단,뉴스,"Tue, 21 Jul 2026 12:18:00 +0900","고려은단, 식약처서 콘드로이친황산염 기능성 원료 인정 받아"
고려은단,뉴스,"Tue, 21 Jul 2026 10:10:00 +0900","고려은단, '콘드로이친황산염' 개별인정형 원료 승인"
고려은단,뉴스,"Tue, 21 Jul 2026 08:48:00 +0900","고려은단, '콘드로이친황산염' 식약처 개별인정형 원료 인정"
고려은단,뉴스,"Tue, 21 Jul 2026 08:34:00 +0900","고려은단, 콘드로이친황산염 식약처 개별인정형 원료 승인"
고려은단,뉴스,"Mon, 06 Jul 2026 20:40:00 +0900","고려은단, '3중 복합 기능성' 앞세워 관절건강 시장 공략 강화"
고려은단,뉴스,"Mon, 06 Jul 2026 18:42:00 +0900","고려은단, 유재석 출연 ‘관절 올케어’ TV광고 공개"
고려은단,뉴스,"Mon, 06 Jul 2026 17:44:00 +0900","고려은단, 관절 건강기능식품 신규 TV 광고 공개…3중 기능성 성분 특징..."
고려은단,뉴스,"Sun, 05 Jul 2026 10:09:00 +0900","고려은단, '관절 올케어' 신규 TV 광고 공개"
고려은단,뉴스,"Thu, 02 Jul 2026 19:26:00 +0900","고려은단, 네이버 '오늘의 팝업' 참여…여름 건강기능식품 선봬"
고려은단,뉴스,"Thu, 02 Jul 2026 17:12:00 +0900","고려은단, 네이버 ‘오늘의 팝업’ 참여"
고려은단,뉴스,"Thu, 02 Jul 2026 16:42:00 +0900","고려은단, 네이버 ‘오늘의 팝업’ 프로모션서 여름철 건강기능식품 선..."
고려은단,뉴스,"Thu, 02 Jul 2026 15:54:00 +0900","고려은단, 네이버 '오늘의 팝업' 참여…여름 건강기능식품 프로모션 진..."
고려은단,뉴스,"Thu, 02 Jul 2026 15:50:00 +0900","[오늘의 특가] SGC솔루션 글라스락, '카카오쎈딜' 대규모 단독 기획전…..."
고려은단,뉴스,"Thu, 02 Jul 2026 13:34:00 +0900","고려은단, 네이버 브랜드스토어서 여름 맞이 '건기식 특가 프로모션'"
고려은단,뉴스,"Thu, 02 Jul 2026 12:58:00 +0900",고려은단 네이버 팝업 참여…여름 건강기능식품 구성 확대
고려은단,뉴스,"Thu, 02 Jul 2026 09:02:00 +0900","[제약브리핑] 메디톡스, 美 '한국 문화의 날' 행사 참가 외"
고려은단,뉴스,"Thu, 02 Jul 2026 08:56:00 +0900",[F&amp;B핫이슈] 폴바셋 강남점 오픈·고려은단 네이버 프로모션
고려은단,뉴스,"Wed, 01 Jul 2026 13:52:00 +0900","천호엔케어, 건강식품 할인 프로모션→고려은단, '콘드로이친' CF 온에어"
고려은단,뉴스,"Wed, 01 Jul 2026 08:58:00 +0900","고려은단, '관절 올케어 콘드로이친' TV CF 공개"
고려은단,뉴스,"Fri, 26 Jun 2026 16:56:00 +0900","무더위 라운드, 비타민 상자에 골프공 자리까지…고려은단 '메가도스 이..."
고려은단,뉴스,"Fri, 26 Jun 2026 12:26:00 +0900","건강기능식품 2026년 6월 브랜드평판...고려은단, 종근당건강, 유한양행..."
고려은단,뉴스,"Fri, 26 Jun 2026 10:50:00 +0900",2026년 6월 건기식 브랜드 순위 발표...고려은단 웃고 유한양행 주춤
고려은단,뉴스,"Fri, 26 Jun 2026 10:18:00 +0900",스포츠 라이프스타일 확산…제품·패키지·마케팅도 경험 중심 변화
고려은단,뉴스,"Fri, 26 Jun 2026 09:42:00 +0900","[빅데이터투데이] 건강기능식품 6월 브랜드평판 랭킹... 1위 고려은단, ..."
고려은단,뉴스,"Fri, 26 Jun 2026 09:40:00 +0900","고려은단, 6월 건강기능식품 브랜드평판 1위…종근당건강·유한양행 뒤..."
고려은단,뉴스,"Fri, 26 Jun 2026 08:24:00 +0900","고려은단, 건강기능식품 브랜드평판 2026년 6월...1위"
고려은단,뉴스,"Fri, 26 Jun 2026 08:08:00 +0900","고려은단, '메가도스 이뮨샷' 골프 에디션 출시"
고려은단,뉴스,"Fri, 26 Jun 2026 07:02:00 +0900","고려은단 약진, 종근당건강 상승…건기식 브랜드 판도 달라졌다"
고려은단,뉴스,"Wed, 17 Jun 2026 14:08:00 +0900","진화하는 키즈 시장, 새 성장동력 되나"
고려은단,뉴스,"Sun, 14 Jun 2026 08:00:00 +0900",“소변 보러 들어가더니 감감무소식”…5060 남성들의 말 못할 고민 [MK...
고려은단,뉴스,"Fri, 12 Jun 2026 16:22:00 +0900","[신제품·신기술]고려은단, 관절건강 3중 복합설계 ‘관절 올케어 콘드..."
고려은단,뉴스,"Fri, 12 Jun 2026 10:34:00 +0900","KFC, '툼켄치밥 1+1' 프로모션→고려은단, 네이버쇼핑 라방"
고려은단,뉴스,"Thu, 11 Jun 2026 15:34:00 +0900","고려은단, 네이버 브랜드데이 통해 건강기능식품 선보여"
