키워드그룹,기간,검색관심도(상대값)
오쏘몰,2025-09-08,77.72602
오쏘몰,2025-09-15,86.39282
오쏘몰,2025-09-22,100.0
오쏘몰,2025-09-29,90.41569
오쏘몰,2025-10-06,54.16754
오쏘몰,2025-10-13,66.80076
오쏘몰,2025-10-20,67.48535
오쏘몰,2025-10-27,68.67104
오쏘몰,2025-11-03,72.99738
오쏘몰,2025-11-10,66.18674
오쏘몰,2025-11-17,58.13395
오쏘몰,2025-11-24,55.95313
오쏘몰,2025-12-01,54.51337
오쏘몰,2025-12-08,54.47808
오쏘몰,2025-12-15,52.07142
오쏘몰,2025-12-22,44.42797
오쏘몰,2025-12-29,40.94149
오쏘몰,2026-01-05,45.54308
오쏘몰,2026-01-12,46.023
오쏘몰,2026-01-19,45.79716
오쏘몰,2026-01-26,51.41506
오쏘몰,2026-02-02,59.52431
오쏘몰,2026-02-09,65.38217
오쏘몰,2026-02-16,42.38125
오쏘몰,2026-02-23,45.25372
오쏘몰,2026-03-02,42.13423
오쏘몰,2026-03-09,43.9904
오쏘몰,2026-03-16,46.04418
오쏘몰,2026-03-23,47.85094
오쏘몰,2026-03-30,50.4905
오쏘몰,2026-04-06,48.34497
오쏘몰,2026-04-13,48.21088
오쏘몰,2026-04-20,47.10988
오쏘몰,2026-04-27,58.0422
오쏘몰,2026-05-04,61.47928
오쏘몰,2026-05-11,54.16754
오쏘몰,2026-05-18,39.76992
오쏘몰,2026-05-25,37.97727
오쏘몰,2026-06-01,36.00112
오쏘몰,2026-06-08,38.04785
오쏘몰,2026-06-15,35.33065
오쏘몰,2026-06-22,36.17051
오쏘몰,2026-06-29,35.62707
오쏘몰,2026-07-06,32.49347
오쏘몰,2026-07-13,32.45112
오쏘몰,2026-07-20,32.41583
오쏘몰,2026-07-27,31.58303
오쏘몰,2026-08-03,30.90549
오쏘몰,2026-08-10,32.2041
오쏘몰,2026-08-17,31.17368
오쏘몰,2026-08-24,34.73075
오쏘몰,2026-08-31,24.82179
선물 추천,2025-09-08,18.63222
선물 추천,2025-09-15,20.57308
선물 추천,2025-09-22,21.77994
선물 추천,2025-09-29,18.14524
선물 추천,2025-10-06,10.25478
선물 추천,2025-10-13,13.79772
선물 추천,2025-10-20,13.53659
선물 추천,2025-10-27,14.77168
선물 추천,2025-11-03,15.80916
선물 추천,2025-11-10,15.03281
선물 추천,2025-11-17,16.10558
선물 추천,2025-11-24,19.0698
선물 추천,2025-12-01,23.2197
선물 추천,2025-12-08,29.31046
선물 추천,2025-12-15,34.48373
선물 추천,2025-12-22,35.53532
선물 추천,2025-12-29,24.58183
선물 추천,2026-01-05,22.60568
선물 추천,2026-01-12,21.09534
선물 추천,2026-01-19,20.83421
선물 추천,2026-01-26,22.01284
선물 추천,2026-02-02,20.05787
선물 추천,2026-02-09,16.17615
선물 추천,2026-02-16,10.88997
선물 추천,2026-02-23,10.92525
선물 추천,2026-03-02,8.53976
선물 추천,2026-03-09,7.52346
선물 추천,2026-03-16,7.30467
선물 추천,2026-03-23,7.14941
선물 추천,2026-03-30,6.93768
선물 추천,2026-04-06,8.23629
선물 추천,2026-04-13,8.0175
선물 추천,2026-04-20,7.94692
선물 추천,2026-04-27,8.20805
선물 추천,2026-05-04,7.67167
선물 추천,2026-05-11,7.02237
선물 추천,2026-05-18,6.0837
선물 추천,2026-05-25,6.33072
선물 추천,2026-06-01,6.34483
선물 추천,2026-06-08,6.85298
선물 추천,2026-06-15,6.28131
선물 추천,2026-06-22,6.66948
선물 추천,2026-06-29,6.57068
선물 추천,2026-07-06,6.20368
선물 추천,2026-07-13,6.29543
선물 추천,2026-07-20,6.00606
선물 추천,2026-07-27,6.2672
선물 추천,2026-08-03,6.64125
선물 추천,2026-08-10,7.1
선물 추천,2026-08-17,7.07177
선물 추천,2026-08-24,7.57992
선물 추천,2026-08-31,4.9333
부담없는 선물,2025-09-08,0.27524
부담없는 선물,2025-09-15,0.33171
부담없는 선물,2025-09-22,0.47992
부담없는 선물,2025-09-29,0.30347
부담없는 선물,2025-10-06,0.08469
부담없는 선물,2025-10-13,0.25407
부담없는 선물,2025-10-20,0.18349
부담없는 선물,2025-10-27,0.14821
부담없는 선물,2025-11-03,0.13409
부담없는 선물,2025-11-10,0.16232
부담없는 선물,2025-11-17,0.17644
부담없는 선물,2025-11-24,0.27524
부담없는 선물,2025-12-01,0.2823
부담없는 선물,2025-12-08,0.6987
부담없는 선물,2025-12-15,0.6987
부담없는 선물,2025-12-22,0.73399
부담없는 선물,2025-12-29,0.33876
부담없는 선물,2026-01-05,0.32465
부담없는 선물,2026-01-12,0.25407
부담없는 선물,2026-01-19,0.11998
부담없는 선물,2026-01-26,0.27524
부담없는 선물,2026-02-02,0.47286
부담없는 선물,2026-02-09,0.61401
부담없는 선물,2026-02-16,0.31759
부담없는 선물,2026-02-23,0.2823
부담없는 선물,2026-03-02,0.0494
부담없는 선물,2026-03-09,0.07763
부담없는 선물,2026-03-16,0.09174
부담없는 선물,2026-03-23,0.04234
부담없는 선물,2026-03-30,0.21172
부담없는 선물,2026-04-06,0.07763
부담없는 선물,2026-04-27,0.04234
부담없는 선물,2026-05-04,0.03528
부담없는 선물,2026-05-11,0.16232
부담없는 선물,2026-05-18,0.11998
부담없는 선물,2026-05-25,0.07763
부담없는 선물,2026-06-15,0.11292
부담없는 선물,2026-06-22,0.03528
부담없는 선물,2026-06-29,0.12703
부담없는 선물,2026-07-06,0.0988
부담없는 선물,2026-07-13,0.03528
부담없는 선물,2026-07-20,0.16938
부담없는 선물,2026-07-27,0.11292
부담없는 선물,2026-08-10,0.04234
부담없는 선물,2026-08-24,0.03528
고급 선물,2025-09-08,1.65855
고급 선물,2025-09-15,1.96908
고급 선물,2025-09-22,1.92674
고급 선물,2025-09-29,1.36212
고급 선물,2025-10-06,0.53638
고급 선물,2025-10-13,1.00924
고급 선물,2025-10-20,1.03041
고급 선물,2025-10-27,1.60914
고급 선물,2025-11-03,1.96908
고급 선물,2025-11-10,1.87733
고급 선물,2025-11-17,1.82087
고급 선물,2025-11-24,2.35725
고급 선물,2025-12-01,2.36431
고급 선물,2025-12-08,2.83012
고급 선물,2025-12-15,2.62544
고급 선물,2025-12-22,2.62544
고급 선물,2025-12-29,1.94791
고급 선물,2026-01-05,2.12435
고급 선물,2026-01-12,2.43489
고급 선물,2026-01-19,2.08906
고급 선물,2026-01-26,2.32902
고급 선물,2026-02-02,3.95229
고급 선물,2026-02-09,3.33827
고급 선물,2026-02-16,1.30566
고급 선물,2026-02-23,1.44682
고급 선물,2026-03-02,1.31272
고급 선물,2026-03-09,1.46093
고급 선물,2026-03-16,1.30566
고급 선물,2026-03-23,1.25626
고급 선물,2026-03-30,1.13628
고급 선물,2026-04-06,1.23509
고급 선물,2026-04-13,1.10099
고급 선물,2026-04-20,1.12216
고급 선물,2026-04-27,1.21391
고급 선물,2026-05-04,1.43976
고급 선물,2026-05-11,1.54562
고급 선물,2026-05-18,1.12216
고급 선물,2026-05-25,1.12922
고급 선물,2026-06-01,1.35507
고급 선물,2026-06-08,1.36918
고급 선물,2026-06-15,1.64443
고급 선물,2026-06-22,1.34801
고급 선물,2026-06-29,1.46093
고급 선물,2026-07-06,1.10805
고급 선물,2026-07-13,0.98101
고급 선물,2026-07-20,1.08687
고급 선물,2026-07-27,0.88926
고급 선물,2026-08-03,0.93161
고급 선물,2026-08-10,1.31272
고급 선물,2026-08-17,1.20686
고급 선물,2026-08-24,1.42564
고급 선물,2026-08-31,1.2492
건강 선물,2025-09-08,33.42776
건강 선물,2025-09-15,43.05949
건강 선물,2025-09-22,50.9915
건강 선물,2025-09-29,27.47875
건강 선물,2025-10-06,9.91501
건강 선물,2025-10-13,14.73087
건강 선물,2025-10-20,17.28045
건강 선물,2025-10-27,28.61189
건강 선물,2025-11-03,31.72804
건강 선물,2025-11-10,29.74504
건강 선물,2025-11-17,33.42776
건강 선물,2025-11-24,33.71104
건강 선물,2025-12-01,36.26062
건강 선물,2025-12-08,44.19263
건강 선물,2025-12-15,47.30878
건강 선물,2025-12-22,53.54107
건강 선물,2025-12-29,31.72804
건강 선물,2026-01-05,34.84419
건강 선물,2026-01-12,47.02549
건강 선물,2026-01-19,41.35977
건강 선물,2026-01-26,48.44192
건강 선물,2026-02-02,67.42209
건강 선물,2026-02-09,61.47308
건강 선물,2026-02-16,27.19546
건강 선물,2026-02-23,26.3456
건강 선물,2026-03-02,23.22946
건강 선물,2026-03-09,25.49575
건강 선물,2026-03-16,24.92917
건강 선물,2026-03-23,28.89518
건강 선물,2026-03-30,26.06232
건강 선물,2026-04-06,26.06232
건강 선물,2026-04-13,28.61189
건강 선물,2026-04-20,29.17847
건강 선물,2026-04-27,30.31161
건강 선물,2026-05-04,33.71104
건강 선물,2026-05-11,26.91218
건강 선물,2026-05-18,21.24645
건강 선물,2026-05-25,22.3796
건강 선물,2026-06-01,22.09631
건강 선물,2026-06-08,21.52974
건강 선물,2026-06-15,20.3966
건강 선물,2026-06-22,23.51274
건강 선물,2026-06-29,16.71388
건강 선물,2026-07-06,14.44759
건강 선물,2026-07-13,13.03116
건강 선물,2026-07-20,26.62889
건강 선물,2026-07-27,20.11331
건강 선물,2026-08-03,23.51274
건강 선물,2026-08-10,27.19546
건강 선물,2026-08-17,19.83002
건강 선물,2026-08-24,26.06232
건강 선물,2026-08-31,26.62889
효도 선물,2025-09-08,28.89518
효도 선물,2025-09-15,33.42776
효도 선물,2025-09-22,37.39376
효도 선물,2025-09-29,32.5779
효도 선물,2025-10-06,11.89801
효도 선물,2025-10-13,17.84702
효도 선물,2025-10-20,9.91501
효도 선물,2025-10-27,16.99716
효도 선물,2025-11-03,16.71388
효도 선물,2025-11-10,14.44759
효도 선물,2025-11-17,18.98016
효도 선물,2025-11-24,13.88101
효도 선물,2025-12-01,17.28045
효도 선물,2025-12-08,27.76203
효도 선물,2025-12-15,23.51274
효도 선물,2025-12-22,28.89518
효도 선물,2025-12-29,16.99716
효도 선물,2026-01-05,18.13031
효도 선물,2026-01-12,26.3456
효도 선물,2026-01-19,24.64589
효도 선물,2026-01-26,26.91218
효도 선물,2026-02-02,36.5439
효도 선물,2026-02-09,39.94334
효도 선물,2026-02-16,15.29745
효도 선물,2026-02-23,14.1643
효도 선물,2026-03-02,1.69971
효도 선물,2026-03-09,2.54957
효도 선물,2026-03-16,14.1643
효도 선물,2026-03-23,12.1813
효도 선물,2026-03-30,15.58073
효도 선물,2026-04-06,20.3966
효도 선물,2026-04-13,21.52974
효도 선물,2026-04-20,39.37677
효도 선물,2026-04-27,59.20679
효도 선물,2026-05-04,62.60623
효도 선물,2026-05-11,15.86402
효도 선물,2026-05-18,15.29745
효도 선물,2026-05-25,11.04815
효도 선물,2026-06-01,3.11614
효도 선물,2026-06-08,4.81586
효도 선물,2026-06-15,4.24929
효도 선물,2026-06-22,4.53257
효도 선물,2026-06-29,5.38243
효도 선물,2026-07-06,5.949
효도 선물,2026-07-13,10.48158
효도 선물,2026-07-20,8.78186
효도 선물,2026-07-27,8.78186
효도 선물,2026-08-03,12.74787
효도 선물,2026-08-10,12.74787
효도 선물,2026-08-17,14.44759
효도 선물,2026-08-24,13.88101
효도 선물,2026-08-31,17.84702
비타민 선물,2025-09-08,41.64305
비타민 선물,2025-09-15,53.82436
비타민 선물,2025-09-22,73.65439
비타민 선물,2025-09-29,54.67422
비타민 선물,2025-10-06,23.79603
비타민 선물,2025-10-13,30.87818
비타민 선물,2025-10-20,32.01133
비타민 선물,2025-10-27,32.29461
비타민 선물,2025-11-03,32.29461
비타민 선물,2025-11-10,35.12747
비타민 선물,2025-11-17,39.94334
비타민 선물,2025-11-24,43.62606
비타민 선물,2025-12-01,50.42492
비타민 선물,2025-12-08,56.65722
비타민 선물,2025-12-15,65.72237
비타민 선물,2025-12-22,56.37393
비타민 선물,2025-12-29,37.96033
비타민 선물,2026-01-05,40.7932
비타민 선물,2026-01-12,39.94334
비타민 선물,2026-01-19,35.12747
비타민 선물,2026-01-26,50.70821
비타민 선물,2026-02-02,80.16997
비타민 선물,2026-02-09,100.0
비타민 선물,2026-02-16,41.07648
비타민 선물,2026-02-23,39.66005
비타민 선물,2026-03-02,30.31161
비타민 선물,2026-03-09,41.35977
비타민 선물,2026-03-16,33.42776
비타민 선물,2026-03-23,38.24362
비타민 선물,2026-03-30,24.07932
비타민 선물,2026-04-06,26.06232
비타민 선물,2026-04-13,28.61189
비타민 선물,2026-04-20,43.34277
비타민 선물,2026-04-27,58.35694
비타민 선물,2026-05-04,61.1898
비타민 선물,2026-05-11,76.77053
비타민 선물,2026-05-18,32.29461
비타민 선물,2026-05-25,25.21246
비타민 선물,2026-06-01,29.46175
비타민 선물,2026-06-08,28.89518
비타민 선물,2026-06-15,27.47875
비타민 선물,2026-06-22,38.81019
비타민 선물,2026-06-29,33.42776
비타민 선물,2026-07-06,28.89518
비타민 선물,2026-07-13,31.16147
비타민 선물,2026-07-20,31.44475
비타민 선물,2026-07-27,25.21246
비타민 선물,2026-08-03,22.94617
비타민 선물,2026-08-10,22.09631
비타민 선물,2026-08-17,34.27762
비타민 선물,2026-08-24,36.5439
비타민 선물,2026-08-31,23.22946
센스있는 선물,2025-09-08,0.87268
센스있는 선물,2025-09-15,0.92402
센스있는 선물,2025-09-22,0.94846
센스있는 선물,2025-09-29,0.57201
센스있는 선물,2025-10-06,0.37156
센스있는 선물,2025-10-13,0.65757
센스있는 선물,2025-10-20,0.63557
센스있는 선물,2025-10-27,0.72846
센스있는 선물,2025-11-03,0.79446
센스있는 선물,2025-11-10,0.94602
센스있는 선물,2025-11-17,0.9998
센스있는 선물,2025-11-24,1.12202
센스있는 선물,2025-12-01,1.34448
센스있는 선물,2025-12-08,1.6696
센스있는 선물,2025-12-15,1.57426
센스있는 선물,2025-12-22,1.08291
센스있는 선물,2025-12-29,0.77979
센스있는 선물,2026-01-05,0.9998
센스있는 선물,2026-01-12,0.87513
센스있는 선물,2026-01-19,0.86291
센스있는 선물,2026-01-26,0.8678
센스있는 선물,2026-02-02,1.07802
센스있는 선물,2026-02-09,1.00469
센스있는 선물,2026-02-16,0.66735
센스있는 선물,2026-02-23,0.80179
센스있는 선물,2026-03-02,0.53779
센스있는 선물,2026-03-09,0.59646
센스있는 선물,2026-03-16,0.65268
센스있는 선물,2026-03-23,0.53779
센스있는 선물,2026-03-30,0.47912
센스있는 선물,2026-04-06,0.50356
센스있는 선물,2026-04-13,0.53045
센스있는 선물,2026-04-20,0.57934
센스있는 선물,2026-04-27,0.45956
센스있는 선물,2026-05-04,0.59401
센스있는 선물,2026-05-11,0.71624
센스있는 선물,2026-05-18,0.43512
센스있는 선물,2026-05-25,0.40823
센스있는 선물,2026-06-01,0.36178
센스있는 선물,2026-06-08,0.4449
센스있는 선물,2026-06-15,0.46934
센스있는 선물,2026-06-22,0.48156
센스있는 선물,2026-06-29,0.50112
센스있는 선물,2026-07-06,0.47179
센스있는 선물,2026-07-13,0.40823
센스있는 선물,2026-07-20,0.41067
센스있는 선물,2026-07-27,0.33734
센스있는 선물,2026-08-03,0.41801
센스있는 선물,2026-08-10,0.47912
센스있는 선물,2026-08-17,0.46201
센스있는 선물,2026-08-24,0.47179
센스있는 선물,2026-08-31,0.32023
가성비 선물,2025-09-08,0.10511
가성비 선물,2025-09-15,0.132
가성비 선물,2025-09-22,0.11
가성비 선물,2025-09-29,0.10022
가성비 선물,2025-10-06,0.01711
가성비 선물,2025-10-13,0.03911
가성비 선물,2025-10-20,0.06355
가성비 선물,2025-10-27,0.07089
가성비 선물,2025-11-03,0.08066
가성비 선물,2025-11-10,0.09533
가성비 선물,2025-11-17,0.06355
가성비 선물,2025-11-24,0.15889
가성비 선물,2025-12-01,0.20289
가성비 선물,2025-12-08,0.31534
가성비 선물,2025-12-15,0.4449
가성비 선물,2025-12-22,0.37156
가성비 선물,2025-12-29,0.15889
가성비 선물,2026-01-05,0.11733
가성비 선물,2026-01-12,0.09044
가성비 선물,2026-01-19,0.11244
가성비 선물,2026-01-26,0.11489
가성비 선물,2026-02-02,0.18089
가성비 선물,2026-02-09,0.14422
가성비 선물,2026-02-16,0.10755
가성비 선물,2026-02-23,0.022
가성비 선물,2026-03-02,0.04644
가성비 선물,2026-03-09,0.03422
가성비 선물,2026-03-16,0.02688
가성비 선물,2026-03-23,0.02688
가성비 선물,2026-03-30,0.01222
가성비 선물,2026-04-06,0.01222
가성비 선물,2026-04-13,0.02688
가성비 선물,2026-04-20,0.02933
가성비 선물,2026-04-27,0.044
가성비 선물,2026-05-04,0.02444
가성비 선물,2026-05-11,0.066
가성비 선물,2026-05-25,0.02444
가성비 선물,2026-06-01,0.01222
가성비 선물,2026-06-08,0.02688
가성비 선물,2026-06-15,0.03911
가성비 선물,2026-06-22,0.01222
가성비 선물,2026-07-20,0.02933
가성비 선물,2026-07-27,0.01222
가성비 선물,2026-08-03,0.01222
가성비 선물,2026-08-24,0.02444
명절 선물세트,2025-09-08,31.46817
명절 선물세트,2025-09-15,60.49672
명절 선물세트,2025-09-22,79.99413
명절 선물세트,2025-09-29,44.96431
명절 선물세트,2025-10-06,4.01877
명절 선물세트,2025-10-13,0.98269
명절 선물세트,2025-10-20,0.5109
명절 선물세트,2025-10-27,0.33734
명절 선물세트,2025-11-03,0.30311
명절 선물세트,2025-11-10,0.37645
명절 선물세트,2025-11-17,0.48645
명절 선물세트,2025-11-24,0.56468
명절 선물세트,2025-12-01,0.84335
명절 선물세트,2025-12-08,1.0438
명절 선물세트,2025-12-15,1.34203
명절 선물세트,2025-12-22,1.59137
명절 선물세트,2025-12-29,3.0703
명절 선물세트,2026-01-05,6.6075
명절 선물세트,2026-01-12,12.2421
명절 선물세트,2026-01-19,23.76796
명절 선물세트,2026-01-26,43.83739
명절 선물세트,2026-02-02,100.0
명절 선물세트,2026-02-09,88.89948
명절 선물세트,2026-02-16,6.0746
명절 선물세트,2026-02-23,1.09514
명절 선물세트,2026-03-02,0.51823
명절 선물세트,2026-03-09,0.37645
명절 선물세트,2026-03-16,0.31289
명절 선물세트,2026-03-23,0.264
명절 선물세트,2026-03-30,0.25422
명절 선물세트,2026-04-06,0.27867
명절 선물세트,2026-04-13,0.23956
명절 선물세트,2026-04-20,0.33
명절 선물세트,2026-04-27,0.29334
명절 선물세트,2026-05-04,0.374
명절 선물세트,2026-05-11,0.23222
명절 선물세트,2026-05-18,0.20778
명절 선물세트,2026-05-25,0.22
명절 선물세트,2026-06-01,0.15889
명절 선물세트,2026-06-08,0.28111
명절 선물세트,2026-06-15,0.31534
명절 선물세트,2026-06-22,0.39112
명절 선물세트,2026-06-29,0.41067
명절 선물세트,2026-07-06,0.38623
명절 선물세트,2026-07-13,0.55001
명절 선물세트,2026-07-20,0.85557
명절 선물세트,2026-07-27,1.18558
명절 선물세트,2026-08-03,2.30761
명절 선물세트,2026-08-10,4.76679
명절 선물세트,2026-08-17,9.29891
명절 선물세트,2026-08-24,17.15556
명절 선물세트,2026-08-31,20.16964
감동 선물,2025-09-08,0.02444
감동 선물,2025-09-15,0.04644
감동 선물,2025-09-22,0.04155
감동 선물,2025-09-29,0.01466
감동 선물,2025-10-06,0.02444
감동 선물,2025-10-13,0.03666
감동 선물,2025-10-20,0.06111
감동 선물,2025-10-27,0.05133
감동 선물,2025-11-03,0.04889
감동 선물,2025-11-10,0.07333
감동 선물,2025-11-17,0.05133
감동 선물,2025-11-24,0.02933
감동 선물,2025-12-01,0.10755
감동 선물,2025-12-08,0.11978
감동 선물,2025-12-15,0.17111
감동 선물,2025-12-22,0.12955
감동 선물,2025-12-29,0.07577
감동 선물,2026-01-05,0.12955
감동 선물,2026-01-12,0.06844
감동 선물,2026-01-19,0.06355
감동 선물,2026-01-26,0.11244
감동 선물,2026-02-02,0.12222
감동 선물,2026-02-09,0.08555
감동 선물,2026-02-16,0.02933
감동 선물,2026-02-23,0.03911
감동 선물,2026-03-02,0.02933
감동 선물,2026-03-09,0.03177
감동 선물,2026-03-16,0.06355
감동 선물,2026-03-23,0.01222
감동 선물,2026-03-30,0.088
감동 선물,2026-04-06,0.01466
감동 선물,2026-04-20,0.066
감동 선물,2026-04-27,0.11489
감동 선물,2026-05-04,0.03177
감동 선물,2026-05-11,0.06111
감동 선물,2026-05-18,0.044
감동 선물,2026-05-25,0.05377
감동 선물,2026-06-01,0.02444
감동 선물,2026-06-08,0.01222
감동 선물,2026-06-15,0.01222
감동 선물,2026-06-22,0.01711
감동 선물,2026-06-29,0.01222
감동 선물,2026-07-06,0.03422
감동 선물,2026-07-13,0.04889
감동 선물,2026-07-20,0.03177
감동 선물,2026-07-27,0.03666
감동 선물,2026-08-03,0.04155
감동 선물,2026-08-10,0.088
감동 선물,2026-08-17,0.044
감동 선물,2026-08-24,0.01222
감동 선물,2026-08-31,0.01466
